question,correct,wrong1,wrong2,blank_sentence,original_context,context_translation
〜にとって不可欠である,is essential for,is irrelevant to,is resistant to,Rapid and reliable detection of pathogens [   ] effective infection control.,"Rapid and reliable detection of carbapenemase-producing Enterobacterales (CPE) is essential for infection control, epidemiological surveillance, and optimized antimicrobial therapy.",カルバペネマーゼ産生腸内細菌目細菌（CPE）の迅速かつ信頼性の高い検出は、感染対策、疫学サーベイランス、および最適化された抗菌薬療法にとって不可欠である。
〜において重要な役割を果たす,play a critical role in,make a minor impact on,show a weak correlation with,Laboratory-developed methods [   ] guiding targeted antimicrobial therapy.,"In this context, laboratory-developed methods, such as combination testing of aztreonam and ceftazidime-avibactam, play a critical role in guiding therapy.",このような状況において、アズトレオナムとセフタジジム-アビバクタムの併用試験などの自家調製検査法は、治療指針の策定において重要な役割を果たす。
〜に重大な脅威をもたらす,pose a major threat to,offer a strong benefit to,cause a temporary delay to,Resistant organisms [   ] global health due to limited therapeutic options.,Carbapenem-resistant organisms (CROs) pose a major threat to global health due to limited therapeutic options and their capacity for rapid dissemination.,カルバペネム耐性菌（CRO）は、治療法が限られていることや迅速に拡大する能力をもつことから、世界的な保健衛生に重大な脅威をもたらしている。
最も重大な懸念事項である,are of greatest concern,are of minimal value,are of unknown origin,"Among these pathogens, carbapenemase-producing strains [   ] due to their broad resistance.","Among these, carbapenemase-producing (CP) strains are of greatest concern, as they hydrolyze most β-lactams, and carbapenemase genes are readily spread via mobile genetic elements.",これらの中で、カルバペネマーゼ産生（CP）株はほとんどのβ-ラクタム系薬を加水分解し、カルバペネマーゼ遺伝子が可動性遺伝要素を介して容易に伝播するため、最も重大な懸念事項である。
〜するために更なる取り組みが必要である,further work is needed to,no effort is required to,prior data is sufficient to,"Tests can be highly variable, and [   ] improve standardization.","LDTs for combination testing can be highly variable, and further work is needed to improve standardization and harmonization to achieve accurate and reliable results for clinical purposes.",併用試験のための自家調製検査はばらつきが大きくなる可能性があり、臨床目的で正確かつ信頼性の高い結果を得るには、標準化と調和を改善するために更なる取り組みが必要である。
〜することを試みた／目指した,sought to,refused to,failed to,We [   ] compare the diagnostic performance of four phenotypic methods.,"We sought to compare the performance of four phenotypic methods, up to three reagent manufacturers, and two media manufacturers.",我々は、4つの表現型検査法、最大3社の試薬メーカー、および2社の培地メーカーの性能を比較することを試みた。
〜と比較された,were compared to,were isolated from,were converted into,The new phenotypic methods [   ] reference microdilution methods tested in parallel.,"The performance of four methods was evaluated: broth disk elution (BDE), disk stacking (DS), gradient diffusion strip stacking (SS), and a strip-to-disk proximity (strip-disk) method, which were compared to reference broth microdilution (rBMD) tested in parallel.",ブロスディスク溶出法（BDE）、ディスクスタッキング法（DS）、勾配拡散ストリップスタッキング法（SS）、およびストリップ-ディスク近接法の4つの方法の性能が評価され、並行してテストされた標準的な微量液体希釈法（rBMD）と比較された。
このような状況において,In this context,In contrast to,In addition to,"[   ], laboratory-developed testing plays an essential role.","In this context, laboratory-developed methods, such as combination testing of aztreonam and ceftazidime-avibactam, play a critical role in guiding therapy.",このような状況において、アズトレオナムとセフタジジム-アビバクタムの併用試験などの自家調製検査法は、治療指針の策定において重要な役割を果たす。
本研究は〜を評価する,This study evaluates,This study ignores,This study contradicts,[   ] an automated solution integrating expert rules for pathogen detection.,This study evaluates an automated solution integrating the VITEK2 Advanced Expert System and BIOART expert rules for CPE detection and classification in a representative French epidemiological context.,本研究は、代表的なフランスの疫学的状況におけるCPEの検出および分類のための、VITEK2 Advanced Expert SystemとBIOARTエキスパートルールを統合した自動化ソリューションを評価する。
世界的な公衆衛生上の懸念事項である,is a global public health concern,is a rare localized phenomenon,is a resolved medical issue,The spread of drug-resistant bacteria [   ].,Metallo-beta-lactamase (MBL)-producing Enterobacterales are a global public health concern.,メタロ-β-ラクタマーゼ（MBL）産生腸内細菌目細菌は、世界的な公衆衛生上の懸念事項である。
益々必要とされている,are increasingly needed,are gradually reduced,are rarely recommended,Diagnostic tools capable of predicting resistance classes [   ] to guide clinical decisions.,"As the prevalence and diversity of carbapenemases increase, diagnostic tools capable not only of detecting CPE but also predicting carbapenemase classes are increasingly needed to guide treatment decisions.",カルバペネマーゼの有病率と多様性が増大するにつれて、CPEを検出するだけでなくカルバペネマーゼのクラスを予測できる診断ツールが、治療決定の指針として益々必要とされている。
重要な診断上の課題に対処する,addressing an important diagnostic gap,creating a novel therapeutic delay,increasing the clinical workload,"Implementation of new rules improves detection of difficult strains, [   ].","The implementation of a dedicated rule significantly improves detection of difficult-to-identify OXA-244/OXA-484 producers, addressing an important diagnostic gap.",専用ルールの導入により、同定が困難なOXA-244/OXA-484産生株の検出が大幅に向上し、重要な診断上の課題に対処している。
〜にのみ依存していた,relied solely on,depend strictly by,focus mainly for,"Historically, clinical microbiology laboratories [   ] minimal inhibitory concentration values.","Historically, clinical laboratories relied solely on minimal inhibitory concentration (MIC) results and interpretive criteria to guide therapy, with carbapenemase testing performed mainly for epidemiologic purposes.",歴史的に、臨床検査室は治療方針の決定において最小発育阻止濃度（MIC）の結果と解釈基準にのみ依存しており、カルバペネマーゼ検査は主に疫学的な目的で行われていた。
〜の役割を強調している／浮き彫りにしている,highlights the role of,minimizes the effect of,undermines the value of,Reintegration of pathogen testing into workflows [   ] the laboratory in antimicrobial stewardship.,Reintegration of carbapenemase testing into clinical workflows highlights the role of the clinical microbiology laboratory as a critical component of antimicrobial stewardship.,臨床ワークフローへのカルバペネマーゼ検査の再統合は、抗菌薬適正使用支援（アンチマイクロバイアル・スチュワードシップ）の重要な構成要素としての臨床微生物検査室の役割を浮き彫りにしている。
治療決定の指針とする,guide treatment decisions,delay clinical outcomes,complicate diagnosis steps,Accurate identification of resistance mechanisms is required to [   ].,"As the prevalence and diversity of carbapenemases increase, diagnostic tools capable not only of detecting CPE but also predicting carbapenemase classes are increasingly needed to guide treatment decisions.",カルバペネマーゼの有病率と多様性が増大するにつれて、CPEを検出するだけでなくカルバペネマーゼのクラスを予測できる診断ツールが、治療決定の指針とするために益々必要とされている。
〜を確実にするために極めて重要である,is vital to ensure,is likely to prevent,is easy to maintain,Prompt identification [   ] effective patient management.,"Rapid detection of CPE is vital to ensure timely administration of antimicrobial therapy to infected patients, as well as the implementation of infection control measures to prevent outbreaks in healthcare settings.",CPE（カルバペネマーゼ産生腸内細菌目細菌）の迅速な検出は、感染患者への抗菌薬療法の適時投与や、医療施設でのアウトブレイクを防ぐ感染対策の実施を確実にするために極めて重要である。
本研究では〜を報告する,"In this study, we report","In this review, we reject","In this paper, we assume",[   ] a new diagnostic tool for clinical applications.,"In this study, we report the development of resaCPE, a rapid, low-cost CPE detection method that couples the inactivation of an imipenem disk with a cell viability assay employing a carbapenem-hypersusceptible",本研究では、イミペネムディスクの失活とカルバペネム超高感度株を用いた細胞生存率測定を組み合わせた、迅速かつ安価なCPE検出法であるresaCPEの開発を報告する。
〜において重要な役割を果たす,plays a crucial role in,has a minor effect on,takes a quick lead in,Early diagnosis [   ] reducing disease mortality.,Identification of the enzyme classes responsible for carbapenem resistance plays a crucial role in ensuring that patients receive effective treatments and controlling the spread of these bacteria.,カルバペネム耐性を引き起こす酵素クラスの特定は、患者が有効な治療を受けられるようにし、これら細菌の拡散を抑制する上で重要な役割を果たす。
〜の性能を評価した,evaluated the performance of,changed the direction of,ignored the result of,We [   ] the new assay in clinical laboratories.,"In this study, we evaluated the performance of a new approach to identify carbapenemase enzymes without additional hands-on testing.",本研究では、追加の徒手検査を行うことなくカルバペネマーゼ酵素を特定する新しい手法の性能を評価した。
〜での使用を目的として設計されている,is designed for use with,is limited to comparison with,is forbidden to align with,The novel assay [   ] automated analysis platforms.,The method is designed for use with the VITEK2 automated susceptibility testing platform to recognize patterns of resistance to antibiotics and make predictions about the possible resistance mechanisms.,本手法は、抗生剤耐性パターンを認識し可能な耐性機構に関する予測を行うため、VITEK2自動薬剤感性試験プラットフォームでの使用を目的として設計されている。
〜が原因で / 〜のために,due to,in spite of,instead of,Multi-drug resistant bacteria are a public health concern [   ] their rapid spread.,Carbapenem-resistant bacteria are a major public health concern due to their ability to spread in healthcare settings and cause infections that are difficult to treat with first-line antibiotics.,カルバペネム耐性菌は、医療施設内で拡散しファーストライン抗菌薬での治療が困難な感染症を引き起こす能力があるため、主要な公衆衛生上の懸念となっている。
〜として意図されている / 〜を目的としている,is intended as,is discarded as,is described as,This novel compound [   ] a therapy for severe bacterial infections.,The investigational β-lactam/β-lactamase inhibitor combination cefepime-taniborbactam is intended as therapy for serious infections caused by Gram-negative pathogens resistant to third-generation cephalosporins and carbapenems.,治験中のβ-ラクタム/β-ラクタマーゼ阻害薬配合剤セフェピム・タニボルバクタムは、第3世代セファロスポリンおよびカルバペネムに耐性を示すグラム陰性病原菌による重症感染症の治療薬として意図されている。
〜であることが証明された / 判明した,proved to be,wished to be,seemed to have,The proposed method [   ] reliable and accurate across tests.,"The method was assessed in multiple labs and proved to be reliable, accurate, and consistent.",この手法は複数の研究室で評価され、信頼性、正確性、一貫性があることが証明された。
〜という課題に取り組む / 克服する,meeting the challenge of,giving up the hope of,losing the control of,This study contributes to [   ] drug-resistant pathogens.,This is an important step in meeting the challenge of antibiotic-resistant infections since it will help clinicians evaluate cefepime-taniborbactam as a potential treatment option as they strive to improve the care of patients suffering from serious infections.,これは抗菌薬耐性感染症という課題に取り組む上での重要な一歩であり、重症感染症に苦しむ患者のケア改善に努める臨床医が、潜在的な治療法としてセフェピム・タニボルバクタムを評価するのに役立つ。
〜しようと努める / 励む,strive to,fail to,refuse to,Clinicians continuously [   ] improve patient outcomes.,This is an important step in meeting the challenge of antibiotic-resistant infections since it will help clinicians evaluate cefepime-taniborbactam as a potential treatment option as they strive to improve the care of patients suffering from serious infections.,これは抗菌薬耐性感染症という課題に取り組む上での重要な一歩であり、重症感染症に苦しむ患者のケア改善に努める臨床医が、潜在的な治療法としてセフェピム・タニボルバクタムを評価するのに役立つ。
潜在的な治療法の選択肢,potential treatment option,primary diagnosis method,standard prevention rule,The new drug serves as a [   ] for refractory cases.,This is an important step in meeting the challenge of antibiotic-resistant infections since it will help clinicians evaluate cefepime-taniborbactam as a potential treatment option as they strive to improve the care of patients suffering from serious infections.,これは抗菌薬耐性感染症という課題に取り組む上での重要な一歩であり、重症感染症に苦しむ患者のケア改善に努める臨床医が、潜在的な治療法としてセフェピム・タニボルバクタムを評価するのに役立つ。
本研究の目的は〜することであった,The purpose of this study was to,The side effect of this drug was to,The main conclusion of this paper was to,[   ] evaluate the efficacy of the novel compound.,The purpose of this study was to establish tentative Clinical and Laboratory Standards Institute (CLSI) M45 MIC and disk diffusion (DD) breakpoints (BPs) for,本研究の目的は、暫定的なCLSI M45 MICおよびディスク拡散（DD）ブレイクポイント（BP）を確立することであった。
〜に加えて / 同様に,as well as,in front of,on top by,Effective therapy requires proper dosage [   ] strict infection control.,"Rapid detection of CPE is vital to ensure timely administration of antimicrobial therapy to infected patients, as well as the implementation of infection control measures to prevent outbreaks in healthcare settings.",CPE（カルバペネマーゼ産生腸内細菌目細菌）の迅速な検出は、感染患者への抗菌薬療法の適時投与や、医療施設でのアウトブレイクを防ぐ感染対策の実施を確実にするために極めて重要である。
〜の原因となる / 〜を引き起こす,responsible for,independent of,protected against,Identification of the genes [   ] antibiotic resistance is critical.,Identification of the enzyme classes responsible for carbapenem resistance plays a crucial role in ensuring that patients receive effective treatments and controlling the spread of these bacteria.,カルバペネム耐性を引き起こす酵素クラスの特定は、患者が有効な治療を受けられるようにし、これら細菌の拡散を抑制する上で重要な役割を果たす。
本研究では〜について記述/説明する,This study describes,This paper forgets,This trial avoids,[   ] a new reference method for susceptibility testing.,This study describes the reference broth microdilution MIC method for cefepime-taniborbactam (taniborbactam fixed at 4 µg/mL).,本研究では、セフェピム・タニボルバクタム（タニボルバクタム4 µg/mL固定）の標準微量液体希釈MIC法について記述する。
〜の急務を強調している,underscores the urgent need for,overlooks the potential benefit of,eliminates the necessity of,The high mortality rate [   ] early identification.,"The high mortality rate associated with carbapenem-resistant Enterobacterales (CRE), particularly for bloodstream infections (BSI), underscores the urgent need for early identification and differentiation of its resistance mechanisms.",カルバペネム耐性腸内細菌目（CRE）、特に血流感染症（BSI）に伴う高い致死率は、その耐性機構の早期同定と鑑別の急務を強調している。
〜によって特徴づけられる（差別化される）,is distinguished by,is replaced by,is complicated by,Our novel diagnostic method [   ] a significant economic advantage.,"Although numerous advanced technologies such as mNGS, Filmarray, Verigene, and NG-Test CARBA 5 DetecTool have been developed for carbapenemase typing of CPE in positive blood cultures, our method is distinguished by a significant economic advantage, with a cost of less than $1 USD per test.",陽性血液培養中のCPEのカルバペネマーゼ型判定のためにmNGS、Filmarray、Verigene、NG-Test CARBA 5 DetecToolといった数多くの高度な技術が開発されてきたが、我々の方法は1テストあたり1米ドル未満という顕著な経済的優位性によって特徴づけられる。
本研究は〜を目的とした,aimed to,refused to,failed to,This study [   ] compare the performance of different susceptibility testing methods.,"This study aimed to compare the performance of disk diffusion, gradient test (ETEST), and VITEK 2 (AST-N223, AST-N428, AST-N432 cards) antibiotic susceptibility testing methods with the reference broth microdilution (BMD) for carbapenem susceptibility in OXA-48-like carbapenemase-producing",本研究は、OXA-48様カルバペネマーゼ産生菌におけるカルバペネム感性について、ディスク拡散法、グラジエント法（ETEST）、VITEK 2各種カードの各薬剤感性試験法の性能を、標準法である微量液体希釈法（BMD）と比較することを目的とした。
〜に重大な課題を突きつける,poses significant challenges to,offers immediate solutions for,provides direct evidence of,The rising prevalence of resistant bacteria [   ] effective antibiotic therapy.,"The rising prevalence of carbapenemase-producing Enterobacterales (CPE) poses significant challenges to effective antibiotic therapy, particularly for urinary tract infections.",カルバペネマーゼ産生腸内細菌目（CPE）の有病率の上昇は、特に尿路感染症に対する効果的な抗菌薬療法に重大な課題を突きつけている。
〜を確保するために不可欠である,is crucial for ensuring,is irrelevant to maintaining,is insufficient for proving,Selecting accurate susceptibility testing methods [   ] appropriate clinical use.,"However, selecting accurate susceptibility testing methods is crucial for ensuring appropriate clinical use.",しかしながら、正確な感性試験法を選択することは、適切な臨床使用を確保するために不可欠である。
〜に関する重要な洞察を提供することによって,By providing critical insights into,By ignoring major limitations in,By concealing detailed data on,"[   ] their reliability, this research supports improved diagnostic accuracy.","By providing critical insights into their reliability, particularly for routine clinical settings, this research supports improved diagnostic accuracy and optimal use of mecillinam in combating multidrug-resistant infections.",特に日常の臨床現場におけるそれらの信頼性に関する重要な洞察を提供することにより、本研究は診断精度の向上と、多剤耐性感染症との闘いにおけるメシリナムの最適な使用を支援する。
〜としての可能性を強調している,underscoring its potential as,dismissing its role as,reducing its impact on,"These findings support the broad usage of the drug, [   ] a valuable alternative.","These findings are especially relevant as pivmecillinam gains international approval, underscoring its potential as a valuable alternative in the fight against antibiotic resistance.",ピブメシリナムが国際的な承認を得る中でこれらの知見は特に重要であり、抗菌薬耐性との闘いにおける貴重な代替選択肢としての可能性を強調している。
多角的な〜を克服する,overcomes a variety of,relies on a range of,results in a loss of,The novel mechanism of action [   ] resistance mechanisms.,The novel mechanism of action of cefiderocol overcomes a variety of resistance mechanisms associated with gram-negative bacteria and positions the agent as an attractive option for treating infections involving multidrug-resistant pathogens.,セフィデロコルの新規な作用機序は、グラム陰性菌に関連する多角的な耐性機構を克服し、多剤耐性病原体による感染症治療の魅力的な選択肢として本薬剤を位置づけている。
薬剤を〜として位置づける,positions the agent as,rejects the agent for,isolates the agent from,This unique mode of action [   ] an attractive option for treating refractory infections.,The novel mechanism of action of cefiderocol overcomes a variety of resistance mechanisms associated with gram-negative bacteria and positions the agent as an attractive option for treating infections involving multidrug-resistant pathogens.,セフィデロコルの新規な作用機序は、グラム陰性菌に関連する多角的な耐性機構を克服し、多剤耐性病原体による感染症治療の魅力的な選択肢として本薬剤を位置づけている。
〜であるため極めて重要（不可欠）である,is critical as,is unnecessary since,is prohibited when,The availability of rapid testing methods [   ] resistant strains have been described.,"The availability of accurate, timely antimicrobial susceptibility testing methods for cefiderocol in clinical microbiology laboratories is critical as cefiderocol-resistant isolates have been described and may contribute to treatment failure.",セフィデロコル耐性株が報告されており治療失敗の一因となる可能性があるため、臨床微生物検査室でセフィデロコルの正確かつ迅速な薬剤感性試験法を利用できることは極めて重要である。
〜の一因となる可能性がある,may contribute to,may prevent from,may protect against,Undetected antimicrobial resistance [   ] treatment failure in clinical settings.,"The availability of accurate, timely antimicrobial susceptibility testing methods for cefiderocol in clinical microbiology laboratories is critical as cefiderocol-resistant isolates have been described and may contribute to treatment failure.",セフィデロコル耐性株が報告されており治療失敗の一因となる可能性があるため、臨床微生物検査室でセフィデロコルの正確かつ迅速な薬剤感性試験法を利用できることは極めて重要である。
〜での使用には現実的（実行可能）でないかもしれない,may not be feasible for use in,should be widely recommended for,must be universally mandatory in,Complex specialized testing methods [   ] many routine clinical laboratories.,Iron-depleted broth microdilution testing may not be feasible for use in many clinical laboratories.,鉄制限微量液体希釈試験は、多くの臨床検査室での使用には現実的でないかもしれない。
〜と比較して優れた性能を示す,superior performance compared with,equal outcomes despite,inferior accuracy relative to,The newly developed protocol exhibited [   ] existing technologies.,"The relebactam, dipicolinic acid, and avibactam sodium (REL/DPA/AVI) method has demonstrated significant success in identifying and differentiating carbapenemase-producing Enterobacterales (CPE) from positive blood cultures, exhibiting superior performance compared with existing technologies.",REL/DPA/AVI法は、陽性血液培養からのカルバペネマーゼ産生腸内細菌目（CPE）の同定および鑑別において顕著な成果を示し、既存技術と比較して優れた性能を発揮した。
治療の有効性を損なう可能性がある,compromise the treatment efficacy,enhance the therapeutic outcome,simplify the diagnostic process,Misclassification of resistance patterns may mislead clinicians and [   ].,"Discrepancy errors and misclassifications of resistant isolates as susceptible, and susceptible isolates as resistant, may mislead clinicians and compromise the treatment efficacy.",不一致エラーや、耐性株を感性株、あるいは感性株を耐性株と誤分類することは、臨床医の判断を誤らせ、治療の有効性を損なう可能性がある。
〜するためにさらなる研究（作業）が必要である,More work is needed to,Less effort is required to,No evidence is available to,[   ] standardize practical yet reproducible diagnostic methods.,More work is needed to standardize practical yet reproducible methods for cefiderocol antimicrobial susceptibility testing.,セフィデロコルの薬剤感性試験において、実用的でありながら再現性のある方法を標準化するには、さらなる研究が必要である。
〜に重要な影響を持つ / 重大な意味を持つ,critical implications for,marginal effects on,passive consequences to,Accurate diagnosis of antimicrobial resistance has [   ] patient treatment and public health.,"For these reasons, rapid and accurate identification of the enzyme class in carbapenemase-producing isolates has critical implications for informing appropriate patient treatment, hospital infection control, and public health.",これらの理由から、カルバペネマーゼ産生菌株における酵素クラスの迅速かつ正確な特定は、適切な患者治療、病院感染対策、および公衆衛生に重要な影響を与えます。
〜から除外された,were excluded from,were included with,were derived in,A total of ten samples [   ] the final statistical analysis due to missing clinical data.,"A total of four isolates were excluded from the study analyses: two due to mixed culture results and two due to poor growth on the VITEK2 AST cards, resulting in incomplete data.",混合培養の結果による2株とVITEK2 ASTカードでの生育不良による2株を含む、計4株が不完全データのため研究解析から除外されました。
〜と一致して / 〜に従って,In agreement with,In opposition to,In exchange for,"[   ] previous literature, the combination therapy demonstrated superior clinical efficacy.","Specifically, in agreement with CLSI guidance, susceptible or susceptible dose-dependent cefepime results were prompted to be suppressed or reported as resistant for all isolates predicted as CP-CRE.",具体的には、CLSIのガイダンスに従い、CP-CREと予測されたすべての分離株に対して、セフェピムの感性または感性(用量依存)の結果を非表示にするか耐性と報告するよう促されました。
本研究の主な強みは〜であった,A key strength of this study was,A major barrier of this research had,An optional feature of the analysis was,"[   ] the inclusion of a large, well-characterized cohort of surgical patients.",A key strength of this study was performance of WGS to identify less common carbapenemase genes.,本研究の主な強みは、より稀なカルバペネマーゼ遺伝子を特定するためにWGS（全ゲノム解析）を実施したことでした。
本研究の限界（制限事項）は〜であった,A limitation of the study was,A key novelty of the report became,A core purpose of the trial stood,"[   ] the retrospective design, which prevented us from establishing direct causality.","A limitation of the study was the low number of OXA-48-like, SME-, IMP-, and IMI-producing isolates and absence of VIM-producing isolates, which limited the robust evaluation of these tools for detecting these enzyme classes.",本研究の限界は、OXA-48様、SME、IMP、IMI産生株の数が少なく、VIM産生株が存在しなかったことであり、これによりこれらの酵素クラスの検出に関するツールの堅牢な評価が制限されました。
貴重な知見を提供する,provide valuable insights,create redundant errors,eliminate statistical significance,These experimental findings [   ] into the underlying molecular mechanisms of disease progression.,"In summary, while these tools provide valuable insights for carbapenemase detection, performance varied by carbapenemase class, underlining the need for laboratories to consider the downstream effects on patient care and infection prevention.",要約すると、これらのツールはカルバペネマーゼ検出に対して貴重な知見を提供する一方で、性能はカルバペネマーゼのクラスによって異なり、検査室が患者ケアや感染予防への波及効果を考慮する必要性を浮き彫りにしています。
以下の基準に基づいている,is based on the following criteria,is contradicted by the primary factors,is translated into the future methods,The selection of suitable candidates for surgical intervention [   ].,This study aimed to develop and validate such a scheme based on the following key criteria: Core genome representation...,本研究は、コアゲノムの代表性などの主要な基準に基づいて、そのようなスキームを開発および検証することを目的としました。
総合すると、これらの結果は〜であることを実証している,"Together, these results demonstrate that","In contrast, those errors indicate how","Alternatively, these failures prove whether",[   ] targeted therapy significantly improves overall survival in this patient population.,"Together, these results demonstrate that our cgMLST schemes allow for high-resolution outbreak tracking of Citrobacter spp., even when species identification is uncertain.",総合すると、これらの結果は、菌種同定が不確実な場合であっても、当社のcgMLSTスキームがシトロバクター属菌の高解像度アウトブレイク追跡を可能にすることを示しています。
この問題に対処する / 解決する,address this problem,ignore this issue,expand this hazard,Novel therapeutic approaches are urgently needed to [   ] of multidrug resistance.,Molecular panels that rapidly identify common gram-negative bloodstream pathogens and a limited number of antimicrobial resistance determinants directly from positive blood culture broths have been developed to address this problem.,陽性血液培養液から直接、一般的なグラム陰性血流病原体および限定された薬剤耐性決定基を迅速に特定する分子パネルが、この問題に対処するために開発されました。
〜の潜在的な臨床的影響を評価するために,To evaluate the potential clinical impact of,To minimize the total sample size of,To obscure the historical background of,"[   ] the new rapid diagnostic assay, a prospective randomized trial was conducted.","To evaluate the potential clinical impact of the AMR Panel, we also performed a simulated stewardship study to assess potential opportunities for antimicrobial escalation and de-escalation if results from the AMR Panel had been available to patient care teams in real time.",AMRパネルの潜在的な臨床的影響を評価するために、AMRパネルの結果がリアルタイムで医療チームに利用可能であった場合の抗菌薬の強化および段階的削減（デ・エスカレーション）の潜在的機会を評価する模擬スチュワードシップ研究も実施しました。
〜をより良く理解するためにさらなる研究が必要である,Further research is needed to,Initial data are sufficient to,Previous funding was wasted to,[   ] better understand the precise signal transduction pathways involved in the cellular response.,Further research is needed to better understand additional resistance determinants that would have the highest yield to add to this multiplexed panel to detect ciprofloxacin resistance more comprehensively.,シプロフロキサシン耐性をより包括的に検出するために、このマルチプレックスパネルに追加することで最大の収穫が得られる追加の耐性決定基をより良く理解するには、さらなる研究が必要です。
以前の〜と一致して,Consistent with prior,Divergent from future,Unrelated to existing,"[   ] clinical trials, the treatment was well tolerated with low overall incidence of adverse events.","Consistent with prior compendia, this review focused on novel species and revised taxa of relevance to human health and disease.",以前の概要（要約）と一致して、本レビューでは人の健康と疾病に関連する新規菌種および改訂された分類群に焦点を当てました。
〜によって損なわれてきた / 低下してきた,has been compromised by,has been enhanced through,has been isolated from,The clinical utility of conventional antibiotics [   ] the rapid spread of resistance genes.,"Despite their utility, the effectiveness of aminoglycosides has been compromised by the emergence of 16S rRNA methyltransferases (16S-RMTases).",有用性にもかかわらず、アミノグリコシド系の有効性は16S rRNAメチルトランスフェラーゼ（16S-RMTases）の出現によって損なわれてきました。
〜の必要性を強調する / 浮き彫りにする,underscore the need for,diminish the urgency of,reject the importance in,These alarming epidemiological findings [   ] continuous surveillance and strict stewardship programs.,"We show that a successful IncR plasmid carrying armA persisted for at least 10 years, underscoring the need for genomic surveillance and strengthened infection-control strategies in veterinary medicine.",armAを運ぶ成功したIncRプラスミドが少なくとも10年間持続したことを示しており、獣医学におけるゲノムサーベイランスと強化された感染対策戦略の必要性を強調しています。
予想された結果と一致しなかった,did not match expected results,perfectly aligned with standard control,strictly followed baseline protocols,Initial diagnostic testing was repeated when the initial laboratory values [   ].,"Discrepant analyses for isolate enrollment criteria were performed for isolates in which carbapenemase detection by Carba-R, mCIM, and/or VITEK2 AST did not match expected results.",分離株の登録基準に関する不一致解析は、Carba-R、mCIM、および/またはVITEK2 ASTによるカルバペネマーゼ検出が予想された結果と一致しなかった分離株に対して実施されました。
〜において不可欠な役割を果たす,plays an indispensable role in,plays a negligible role in,takes a peripheral side in,Genomic analysis [   ] identifying the source of the disease outbreak.,"Genomic sequencing has become a standard component of epidemiologic investigations, where it plays an indispensable role in establishing clonality and relatedness of bacterial isolates involved in a transmission cluster or outbreak.",ゲノムシーケンスは疫学調査の標準的な要素となっており、伝播クラスターやアウトブレイクに関与する細菌分離株のクローナリティおよび関連性を確定する上で不可欠な役割を果たしている。
〜と同等である / 〜に匹敵する,comparable to that of,irrelevant to that of,incompatible with that of,The accuracy of the new diagnostic test was [   ] the standard reference method.,"This work demonstrates that nanopore-only clonality and outbreak analysis can be performed, with performance comparable to that of Illumina short-read sequencing and will contribute critically to hospital infection control.",本研究は、ナノポアのみを用いたクローナリティおよびアウトブレイク解析がIlluminaのショートリードシーケンスと同等の性能で実施可能であり、病院感染対策に大きく貢献することを示している。
〜に重点を置いて / 〜に着目して,with a focus on,with a disregard of,with an exception to,The researchers designed the new protocol [   ] safety and cost-effectiveness.,"In this work, we optimize an open-source ONT-only workflow for epidemiologic analysis of clonal outbreaks and transmission of bacterial pathogens with a focus on accessibility and performance.",本研究では、アクセスしやすさとパフォーマンスに重点を置いて、クローン性アウトブレイクおよび細菌性病原体の伝播の疫学的解析のためのオープンソースのONT単独ワークフローを最適化する。
〜の影響を評価するために,To assess the impact of,To diminish the effect of,To overlook the outcome of,"[   ] the new treatment, clinical trial data were analyzed over six months.","To assess the impact of dorado polishing on the improved sup@5.0.0 draft genomes, further genome polishing using either medaka or dorado polish with their respective bacterial models was compared.",向上したsup@5.0.0ドラフトゲノムに対するdoradoポリッシングの影響を評価するために、それぞれの細菌モデルを用いたmedakaまたはdorado polishによるさらなるゲノムポリッシングを比較した。
〜と一致している / 〜に沿っている,are in line with,are in conflict with,are at odds with,Our latest clinical findings [   ] previous reports published by international research groups.,These results are in line with the observations made with the P. aeruginosa test set and demonstrate the broader applicability of the optimized workflow across four relevant bacterial pathogens with varying genome size and GC content.,これらの結果は、緑膿菌のテストセットで得られた観察結果と一致しており、ゲノムサイズやGC含有量が異なる4つの関連する細菌病原体全体における最適化ワークフローの広範な適用可能性を示している。
〜を除いて / 〜を例外として,with the exception of,with the inclusion of,with the purpose of,"All tested bacterial strains were sensitive to the drug, [   ] one resistant isolate.","The European Committee on Antimicrobial Susceptibility Testing (EUCAST) has established BPs for Pseudomonas species, which can be applied to both P. aeruginosa and non- aeruginosa species, with the exception of novel beta-lactam combination agents and meropenem meningitis BPs that are limited to P. aeruginosa.",欧州抗菌薬感受性試験委員会（EUCAST）はシュードモナス属に対するブレイクポイント（BP）を設定しており、これは緑膿菌に限定される新規ベータラクタム配合薬およびメロペネム髄膜炎BPを除き、緑膿菌および非緑膿菌種の両方に適用できる。
本研究の主な目的は〜することであった,The primary objective of this study was to,The major drawback of this trial was to,The initial assumption of this hypothesis was to,[   ] evaluate the efficacy of the novel antiviral compound.,The primary objective of this study was to establish tentative MIC and disk diffusion breakpoints for POPA for inclusion in the forthcoming 4th Edition of the CLSI M45 document.,本研究の主な目的は、近く改訂されるCLSI M45文書第4版への掲載に向けて、緑膿菌以外のシュードモナス属（POPA）に対する暫定的なMICおよびディスク拡散法のブレイクポイントを設定することであった。
〜のための有効なツールとして台頭した,has emerged as an effective tool for,has proved to be a useless method for,has remained an obsolete approach to,Next-generation sequencing [   ] analyzing complex microbial communities.,"In recent years, matrix-assisted laser desorption/ionization time-of-flight mass spectrometry (MALDI-TOF MS) has emerged as an effective tool for direct bacterial species identification from positive blood cultures, utilizing either laboratory-developed protocols (e.g., centrifugation-lysis workflows) or commercial kits.",近年、マトリックス支援レーザー脱離イオン化飛行時間型質量分析（MALDI-TOF MS）は、施設開発のプロトコルや市販のキットを用いて、陽性血液培養からの直接的な菌種同定のための有効なツールとして台頭してきた。
〜に対応して / 〜に応えて,In response to,In opposition to,In ignorance of,"[   ] the increasing outbreak, emergency healthcare measures were immediately implemented.","In response to the growing threat of AMR, the World Health Organization has categorized several bacterial species as critical priority pathogens.",薬剤耐性（AMR）の脅威の高まりに対応して、世界保健機関（WHO）はいくつかの細菌種を最重要優先病原体として分類した。
総合すると / これらをまとめると,Taken together,Individually speaking,On the contrary,"[   ], these findings suggest that the novel drug is both safe and highly effective.","Taken together, we present a strategy to monitor plasmid epidemiology during clinical routine surveillance.",総合すると、我々は日常の臨床サーベイランスにおいてプラスミド疫学をモニタリングするための戦略を提示する。
〜にはいくつかの限界（問題点）がある,There are several limitations to,There are many advantages of,There is no doubt about,[   ] interpreting these observational study results without a control group.,"There are several limitations to using the CLSI nE BPs, including the following: (i) these breakpoints have not been revised since their initial publication, (ii) only minimal inhibitory concentration (MIC) BPs are available, and (iii) agents with BPs in the table may be inappropriate for treatment of POPA infections.",CLSIの非腸内細菌科（nE）ブレイクポイントの使用にはいくつかの限界があり、以下が含まれる：(i) これらのブレイクポイントが最初の公表以来改訂されていないこと、(ii) 最小発育阻止濃度（MIC）のブレイクポイントのみが利用可能であること、(iii) 表にあるブレイクポイントを持つ薬剤がPOPA感染症の治療には不適切である可能性があること。
〜にとって極めて重要である,are crucial for,are irrelevant to,are detrimental to,Early diagnosis and prompt intervention [   ] improving long-term patient outcomes.,"Rapid identification and differentiation of carbapenemases are crucial for timely treatment optimization, patient prognosis improvement, control of CRE spread, and promotion of antimicrobial stewardship.",カルバペネマーゼの迅速な同定と鑑別は、適時な治療の最適化、患者の予後改善、CRE拡散の抑制、および抗菌薬適正使用の推進にとって極めて重要である。
〜の水平伝播を促進する,facilitate the horizontal transfer of,inhibit the spatial dispersion of,prevent the genetic uptake of,Mobile genetic elements [   ] antibiotic resistance genes between diverse bacterial species.,"They facilitate the horizontal transfer of AMR among bacteria, enabling rapid dissemination of resistance even across different species.",それらは細菌間での薬剤耐性（AMR）の水平伝播を促進し、異なる種間にまたがっても耐性の迅速な拡散を可能にする。
〜に関して / 〜の点で,with regard to,without respect for,in contrast to,There remains substantial debate [   ] the optimal duration of antibiotic therapy.,"Altogether, the limitations of available BPs and AST methodologies present significant uncertainty with regard to the clinical validity of AST results for POPA and raise patient safety concerns.",全体として、利用可能なブレイクポイントおよび薬剤感受性試験（AST）手法の限界は、POPAに対するAST結果の臨床的妥当性に関して重大な不確実性をもたらし、患者の安全性に対する懸念を引き起こしている。
〜と高い一致率を示した,had a high positive agreement with,was completely incompatible with,showed no meaningful correlation to,The new rapid diagnostic assay [   ] the gold-standard PCR reference method.,The BIOFIRE JI panel had a high positive agreement with culture and 16S PCR/S and detected the same organism in all culture or 16S PCR/S-positive samples when targeted by the panel.,BIOFIRE JIパネルは、培養および16S PCR/Sと高い陽性一致率を示し、パネルでターゲットにされている場合、すべての培養または16S PCR/S陽性サンプルで同じ微生物を検出した。
〜を考慮すると,Taking into account,In spite of,With regard to,"[   ] the patient's underlying conditions, a conservative treatment approach was chosen.","Taking into account the patient’s clinical symptoms at disease onset were a high fever and altered consciousness, accompanied by a Sequential Organ Failure Assessment (SOFA) score of 4, sepsis was considered a possible diagnosis.",発症時の患者の臨床症状が高熱と意識障害であり、SOFAスコア4を伴っていたことを考慮すると、敗血症が可能性のある診断として考えられた。
〜の可能性を排除するために,To exclude the possibility of,In light of the outcome of,For the purpose of confirming,"[   ] drug-induced liver injury, additional biochemical tests were performed.","To exclude the possibility of co-infection, metagenomic next-generation sequencing (mNGS) of plasma was conducted on the fourth day after admission, identifying K. pneumoniae with 320 reads (40.21%).",混合感染の可能性を排除するために、入院4日目に血漿のメタゲノム次世代シークエンシング（mNGS）が実施され、320リード（40.21%）の Klebsiella pneumoniae が同定された。
以下に詳細を述べる通り,as detailed below,as described previously,as mentioned above,"The precise mechanisms responsible for this observation are discussed, [   ].","Furthermore, the dynamic changes in the right renal CT provide a reliable imaging basis for the clinical diagnosis of renal abscess, as detailed below.",さらに、右腎CTにおける動的な変化は、以下に詳細を述べる通り、腎膿瘍の臨床診断に対する信頼性の高い画像診断根拠を提供する。
〜に対する良好な反応を示している,indicating a positive response to,reflecting a resistance toward,resulting in relapse after,"The reduction in tumor markers was observed, [   ] chemotherapy.","After the initiation of meropenem therapy, the patient’s peak temperature began to decline, and her mental status improved, indicating a positive response to treatment.",メロペネム治療の開始後、患者の最高体温は低下し始め、精神状態も改善したことから、治療に対する良好な反応が示された。
〜への傾向を特徴とする,is characterized by its propensity for,is defined by its resistance to,is limited by its capacity for,This aggressive phenotype [   ] early distant metastasis.,"HvKp is characterized by its propensity for metastatic spread, rapid disease progression, and a significantly elevated risk of morbidity and mortality if not treated promptly.",HvKpは、転移性播種を起こしやすい傾向、急速な病勢進行、および迅速に治療されない場合の罹患率と死亡率の大幅な上昇を特徴とする。
〜にとってより大きな課題を生み出す,create greater challenges for,provide easy solutions for,have no bearing on,These novel resistance patterns [   ] routine laboratory detection.,"These resistance patterns create greater challenges for detection in clinical microbiology laboratories, complicating the clinical management of hvKp infections.",これらの耐性パターンは、臨床微生物検査室での検出にとってより大きな課題を生み出し、hvKp感染症の臨床管理を複雑にしている。
その両方が〜に重大な影響を与え得る,both of which can significantly influence,neither of which will affect,each of which is irrelevant to,"Early diagnosis and prompt intervention are critical, [   ] the final patient prognosis.","Improving the quality of clinical microbiological testing and accurately diagnosing hvKp facilitate the selection of appropriate anti-infective treatment strategies and the implementation of surgical drainage when indicated, both of which can significantly influence the prognosis of hvKp infections.",臨床微生物検査の質を向上させ、hvKpを正確に診断することは、適切な抗感染症治療戦略の選択や適応時の外科的ドレナージの実施を容易にし、その両方がhvKp感染症の予後に重大な影響を与え得る。
高い警戒レベルを維持することが不可欠である,it is essential to maintain a heightened level of vigilance,it is reasonable to disregard minor variations,it is optional to monitor patient status,"In regions with high prevalence of resistance, [   ] regarding treatment failure.","In cases where patients exhibit atypical symptoms indicative of hvKp infection, it is essential to maintain a heightened level of vigilance and initiate prompt diagnostic procedures.",患者がhvKp感染症を示唆する非典型的な症状を示す場合、高い警戒レベルを維持し、迅速な診断手順を開始することが不可欠である。
〜を直接比較したデータは限られている,There are limited data directly comparing,There is overwhelming evidence contrastingly proving,There are abundant studies indirectly suggesting,[   ] the clinical efficacy of these two therapeutic regimens.,There are limited data directly comparing the performance of commercial AST systems for contemporary bacterial strains using the CLSI broth microdilution method (BMD) as the reference standard and applying updated breakpoints.,標準法としてCLSI微量液体希釈法（BMD）を用い、更新されたブレイクポイントを適用して、現代の細菌株に対する商用ASTシステムの性能を直接比較したデータは限られている。
より臨床的に意義のある時間枠で,in a more clinically relevant time frame,at an extended retrospective interval,with minimal diagnostic accuracy,Automated molecular tests provide diagnostic results [   ].,Automated AST systems have been adopted by most laboratories because they provide important results in a more clinically relevant time frame with less labor than manual reference methods.,自動ASTシステムは、手動の標準法よりも少ない労力で、より臨床的に意義のある時間枠で重要な結果を提供するため、ほとんどの検査室で採用されている。
臨床的および公衆衛生上の重要性を持つ,is of clinical and public health importance,is of purely theoretical interest,has minor surgical relevance,The early identification of multidrug-resistant pathogens [   ].,"Therefore, identification of ESBL-producing Ko C is of clinical and public health importance, since these strains are difficult to treat, have the potential to cause hospital outbreaks, and possess the ability to exchange ESBL genes via conjugation of their plasmids with other bacterial species.",したがって、ESBL産生Ko C株の同定は、治療が困難であり、院内アウトブレイクを引き起こす可能性があり、接合を介して他菌種と耐性遺伝子を交換する能力を持つため、臨床的および公衆衛生上の重要性を持つ。
〜に対する重大な脅威として浮上している,have emerged as a significant threat to,have been recognized as a cure for,have declined in significance regarding,Multidrug-resistant organisms [   ] global healthcare systems.,Carbapenemase-producing Enterobacterales (CPE) have emerged as a significant threat to healthcare worldwide.,カルバペネマーゼ産生腸内細菌目細菌（CPE）は、世界中の医療に対する重大な脅威として浮上している。
感染のリスク要因には〜が含まれる,Risk factors for infection include,Protective mechanisms against disease consist of,Diagnostic criteria for recovery involve,"[   ] advanced age, immunosuppression, and prolonged hospitalization.","Risk factors for infection include cystic fibrosis, the presence of indwelling devices (e.g., catheters and endotracheal tubes), other underlying medical comorbidities (e.g., diabetes mellitus, chronic renal failure, and chronic heart disease), and current or previous hospitalization or health care exposure.",感染のリスク要因には、嚢胞性線維症、留置デバイス（カテーテルや気管挿管チューブなど）の存在、その他の基礎疾患（糖尿病、慢性腎不全、慢性心疾患など）、ならびに現在または過去の入院や医療暴露が含まれる。
ここ数十年で〜が増加している,"In recent decades, there has been an increase in","Historically, there was a complete reduction of","In future years, there will be a stagnation of",[   ] the reported incidence of opportunistic fungal infections.,"In recent decades, there has been an increase in the acquisition of resistance to a wide range of antibiotics by strains derived from the cKp.",ここ数十年で、cKp由来の菌株による広範な抗菌薬への耐性獲得が増加している。
著しい病原性（毒性）を示した,demonstrated significant virulence,exhibited complete avirulence,showed therapeutic benefit,The clinical isolate [   ] in the animal model of sepsis.,"As evidenced by this case, the rare ST35 multilocus sequence type (MLST) and KL108 capsular type strain DT20240104 JSZ.K.p.X demonstrated significant virulence.",本症例で証明されたように、稀なST35マルチローカスシーケンスタイプ（MLST）かつKL108カプセル型である菌株DT20240104 JSZ.K.p.Xは、著しい病原性を示した。
〜に従って,in accordance with,in spite of,with regard to,The procedure was carried out [   ] the established guidelines.,"Gradient diffusion testing with ETEST AZA (bioMérieux, La Balme Les Grottes, France) was performed in accordance with the manufacturer’s instructions.",ETEST AZAによる勾配拡散試験は、製造元の指示に従って実施された。
〜と並行して,in parallel with,in contrast to,in terms of,Control experiments were conducted [   ] the main trial.,"Broth microdilution (BMD) testing was performed in parallel with gradient diffusion using the same McFarland suspension, following CLSI M07 and M100 guidelines.",微量液体希釈（BMD）試験は、同じマクファーランド懸濁液を用い、勾配拡散法と並行して実施された。
〜の一環として,as part of,as a result of,as well as,Data were collected [   ] routine patient monitoring.,Clinical isolates were obtained from routine clinical specimens submitted to clinical microbiology laboratories as part of the standard of care.,臨床分離株は、標準的診療の一環として臨床微生物検査室に提出された日常の臨床検体から取得された。
〜と定義される,defined as,referred to,regarded as,Treatment failure was [   ] the recurrence of symptoms within 30 days.,"Categorical agreement (CA) was defined as the percentage of isolates with matching interpretive categories (susceptible, intermediate, or resistant) between ETEST and BMD.",カテゴリ一致率（CA）は、ETESTとBMDの間で判定カテゴリ（感性、中等度、耐性）が一致した分離株の割合と定義された。
〜によって生じる／促進される,driven by,derived from,divided into,The demand for new diagnostics is largely [   ] rising resistance rates.,The increasing incidence of MBL-producing Enterobacterales has driven the need for novel antimicrobial combinations and corresponding susceptibility testing methods.,MBL産生腸内細菌目細菌の発生率の増加により、新規抗菌薬の組み合わせとそれに対応する薬物感性試験法の必要性が高まっている。
〜とは対照的に,In contrast to,In addition to,In reaction to,"[   ] previous studies, our results demonstrated a significant improvement.","In contrast to our findings of suboptimal EA performance for K. oxytoca, Lemon et al. reported suboptimal performance of the Liofilchem for other species.",K. oxytocaにおける不十分なEA性能という我々の知見とは対照的に、Lemonらは他の菌種に対するLiofilchemの性能不足を報告した。
〜に起因する,attributable to,equivalent to,applicable to,The increased mortality was mainly [   ] delayed antibiotic administration.,"Globally, an estimated 5 million annual deaths are associated with or directly attributable to BSIs by antibiotic-resistant bacteria.",世界全体で、年間推定500万件の死亡が抗生剤耐性菌による血流感染症に関連しているか、あるいは直接それに起因している。
〜の重大なリスクを伴う,carries a substantial risk of,plays a crucial role in,shows a high preference for,Untreated severe sepsis [   ] organ failure.,"Bloodstream infection (BSI) with bacteria carries a substantial risk of morbidity and mortality, and the ongoing emergence of antimicrobial resistance (AMR) genes within infective bacteria is concerning.",細菌による血流感染症（BSI）は罹患率および死亡率の重大なリスクを伴い、感染菌における薬剤耐性（AMR）遺伝子の継続的な出現が懸念されている。
〜の監督のもとで,under the oversight of,at the expense of,for the purpose of,The clinical trial was executed [   ] the ethics committee.,This study was conducted under the oversight of the Institutional Review Boards of all participating sites and conformed to the tenets of the Declaration of Helsinki.,本研究はすべての参加施設の治験審査委員会（IRB）の監督のもとで実施され、ヘルシンキ宣言の原則に準拠した。
バイアスを最小限に抑えるために,To minimize bias,To introduce errors,To increase sample size,"[   ], all samples were processed by independent investigators.","To minimize bias, pre-selected specimens were tested in a randomized, blinded manner along with negative specimens across testing sites.",バイアスを最小限に抑えるため、事前選択された検体は検査施設全体で陰性検体とともに無作為化かつ盲検化された方法で検査された。
この限界に対処するために,To address this limitation,To avoid this conclusion,To confirm this hypothesis,"[   ], a new analytical framework was proposed.","To address this limitation, the CARBA BIOART rules were recently developed to complement the AES by enabling carbapenemase class determination.",この限界に対処するため、カルバペネマーゼのクラス特定を可能にすることでAESを補完するCARBA BIOARTルールが最近開発された。
本研究は〜することを目的とした,This study aimed to,This study failed to,This study struggled to,[   ] evaluate the efficacy of the novel combination therapy.,This study aimed to compare the performance of the VITEK2 AES/BIOART solution to the CA-SFM algorithm for CPE screening within the French epidemiological context.,本研究は、フランスの疫学的文脈におけるCPEスクリーニングについて、VITEK2 AES/BIOARTソリューションの性能をCA-SFMアルゴリズムと比較することを目的とした。
〜の原則に準拠した,conformed to the tenets of,corresponded to the lack of,contributed to the success of,The protocol strictly [   ] ethical research principles.,This study was conducted under the oversight of the Institutional Review Boards of all participating sites and conformed to the tenets of the Declaration of Helsinki.,本研究は、すべての参加施設の治験審査委員会の監督のもとで実施され、ヘルシンキ宣言の原則に準拠した。
信頼性の高い代替（代理指標）として機能する,serve as a reliable surrogate,act as a direct primary cause,lead to a complete failure,The biomarker can [   ] for predicting patient response.,This suggests that testing ATM-CZA can serve as a reliable surrogate test for AZA MICs.,これは、ATM-CZAの試験がAZAのMICに対する信頼性の高い代替試験として機能し得ることを示唆している。
〜において役割を果たす,play a role in,take a stance on,make a difference to,These genetic markers may [   ] early disease diagnosis.,"Our study shows that the mCIM is also able to detect carbapenem resistance due to cphA in Aeromonas spp. with high sensitivity and specificity, suggesting that although it is not currently endorsed for use in Aeromonas spp. by CLSI, this test may play a role in susceptibility testing for these organisms.",本研究は、mCIMがAeromonas属菌におけるcphA起因のカルバペネム耐性を高感度かつ高特異度で検出できることを示しており、現在CLSIで推奨されていないものの、この試験が感受性試験において役割を果たす可能性を示唆している。
私たちの知る限り,To our knowledge,In our opinion,By our understanding,"[   ], this is the first study to report this phenomenon in a clinical setting.","To our knowledge, this is the first state-wide point prevalence survey of Stenotrophomonas maltophilia among patients receiving mechanical ventilation in long-term care facilities.",私たちの知る限り、これは長期療養施設で人工呼吸器管理を受けている患者を対象とした、Stenotrophomonas maltophiliaに関する州全域での初の時点有病率調査である。
〜と一致している,is consistent with,is associated with,is equivalent to,This result [   ] previous findings regarding pathogen transmission.,This is consistent with other studies in which respiratory samples were the most common source of S. maltophilia colonization.,これは、呼吸器検体がS. maltophilia定着の最も一般的な供給源であった他の研究結果と一致している。
特筆すべきことに,Of note,In contrast,As a result,"[   ], there was no significant difference in mortality between the two groups.","Of note, it can be difficult to distinguish between infection and colonization for a low-virulence organism like S. maltophilia.",特筆すべきことに、S. maltophiliaのような弱毒菌では、感染と定着を区別するのが難しい場合がある。
これらの限界にもかかわらず,Despite these limitations,In light of these findings,Due to these challenges,"[   ], our study provides valuable insights into clinical management.","Despite these limitations, this state-wide point prevalence study provides a critical insight into the prevalence of S. maltophilia colonization in patients receiving mechanical ventilation in long-term care facilities.",これらの限界にもかかわらず、この州全域の時点有病率調査は、長期療養施設で人工呼吸器管理を受けている患者におけるS. maltophilia定着の有病率に関する重要な知見を提供する。
要約すると,In summary,In detail,In advance,"[   ], early intervention significantly reduced the risk of disease progression.","In summary, patients in long-term care facilities who are receiving mechanical ventilation are at high risk of S. maltophilia colonization and potential infection.",要約すると、長期療養施設で人工呼吸器管理を受けている患者は、S. maltophiliaの定着および潜在的感染のハイリスク群である。
〜することを目指した,aimed to,tended to,failed to,"In this study, we [   ] evaluate the efficacy and safety of the novel therapeutic agent.","In this study, we aimed to (i) define SNP thresholds for assessing C. auris relatedness for outbreak investigations using open-source and commercial bioinformatic pipelines...",本研究では、(i)オープンソースおよび商用のバイオインフォマティクスカイプラインを用いてアウトブレイク調査におけるC. aurisの関連性を評価するためのSNP閾値を定義することを目指した。
〜に対応して／〜を受けて,In response to,In place of,In spite of,"[   ] the increasing rate of antimicrobial resistance, new guidelines were implemented.","In response to national and regional increases in reported C. auris, we conducted a retrospective and prospective evaluation of cases within a healthcare system...",全国および地域におけるC. auris報告数の増加を受けて、我々は医療システム内での症例の回顧的および前向き評価を実施した。
したがって〜することが極めて重要である,It is therefore critical to,It is unlikely to,It is optional to,[   ] interpret these findings within a broader clinical context.,It is therefore critical to interpret molecular findings within a broader epidemiologic context.,したがって、分子生物学的な知見をより広い疫学的文脈の中で解釈することが極めて重要である。
〜の強力なツールとして機能する,serves as a powerful tool for,acts as a major barrier to,shows a slight tendency toward,Whole genome sequencing [   ] identifying novel resistance mechanisms.,WGS also serves as a powerful tool for detecting and discovering genotypic markers of antifungal resistance.,全ゲノム解析（WGS）は、抗真菌薬耐性の遺伝子型マーカーを検出・発見するための強力なツールとしても機能する。
慎重な検討を要する,warrants careful consideration,lacks scientific evidence,requires immediate action,The clinical impact of minority resistance subpopulations [   ].,...and their potential to influence treatment response—particularly in high-risk contexts—warrants careful consideration.,そして、特にハイリスクな状況において、治療反応に影響を与えるそれらの可能性は慎重な検討を要する。
〜の必要性を強調している,underscores the need for,eliminates the demand for,overlooks the importance of,This finding [   ] developing more precise diagnostic assays.,"This limitation underscores the need for more advanced strategies, such as the use of additional mass spectral peaks and/or the application of ML techniques to enhance the detection of KPC-producing isolates.",この限界は、KPC産生株の検出を高めるための、追加の質量スペクトルピークの使用や機械学習技術の応用など、より高度な戦略の必要性を強調している。
〜へ向けた一歩となる,represents a step toward,causes a shift away from,draws a contrast with,This novel method [   ] improving rapid diagnostic accuracy in emergency settings.,...representing a step toward the detection of resistance mechanisms by proteomic analysis.,…プロテオミクス解析による耐性メカニズム検出に向けた一歩となる。
最も大きな治療上および疫学上の課題を突きつける,pose the greatest therapeutic and epidemiological challenge,offer the most promising solution,show the least resistance profile,Carbapenemase-producing organisms [   ] in healthcare settings globally.,"CP-CRO, including Enterobacterales, Pseudomonas aeruginosa, and Acinetobacter baumannii complex, pose the greatest therapeutic and epidemiological challenge.",腸内細菌目、緑膿菌、アシネトバクター・バウマニ・コンプレックスを含むカルバペネマーゼ産生カルバペネム耐性菌は、最も大きな治療上および疫学上の課題を突きつけている。
これに対処するために,To address this,In addition to this,Regardless of this,"[   ], researchers developed a novel algorithm that improves diagnostic sensitivity.","To address this, CLSI now recommends that negative eCIM results be interpreted as inconclusive...",これに対処するために、CLSIは現在、eCIM陰性の結果は判定不能として解釈することを推奨している…
〜に重点を置いて,with emphasis on,without regard to,in exchange for,"Updated guidelines were published, [   ] differentiating specific pathogen strains.","Current guidance from CLSI now recommends carbapenemase testing for all Enterobacterales resistant to at least one carbapenem, with emphasis on differentiating specific carbapenemase genotypes...",CLSIからの現在のガイダンスでは、特定のカルバペネマーゼ遺伝子型の鑑別に重点を置いて、少なくとも1つのカルバペネムに耐性を示すすべての腸内細菌目に対するカルバペネマーゼ試験を推奨している…
〜の一般的な原因である,a common cause of,a rare consequence of,a unique alternative to,Viral infection is [   ] acute bronchitis in pediatric patients.,Mycoplasma pneumoniae (Mpn) is a common cause of upper respiratory tract infections and is a major cause of community-acquired pneumonia (CAP) among the pediatric and adult populations.,マイコプラズマ・ニューモニエ（Mpn）は上気道感染症の一般的な原因であり、小児および成人人口における市中肺炎（CAP）の主要な原因である。
〜の遅れにつながる・をもたらす,results in delays of,leads to acceleration of,prevents the risk of,A failure to recognize atypical symptoms often [   ] appropriate therapeutic intervention.,Failure to suspect Mpn upon initial presentation commonly results in delays of appropriate treatment.,初診時にMpnを疑わないことは、適切な治療の遅れにしばしばつながる。
〜との関連が示されている,shown to be associated with,proven to be independent of,hidden to be separated from,Specific gene mutations have been [   ] increased resistance to antibiotics.,"Mutations at nucleotide 2063 (A2063G/C/T), 2064 (A2064G/T), 2067 (A2067G), and 2617 (C2617G) have been shown to be associated with increased MICs to macrolides.",ヌクレオチド2063、2064、2067、2617における変異は、マクロライド系抗菌薬に対するMICの上昇と関連していることが示されている。
〜の代替指標（プロキシ）として,as a proxy for,as a barrier to,as a cure for,"In this retrospective study, length of hospital stay was used [   ] disease severity.",We used patient setting as a proxy for disease severity based on the assumption that the patient setting at the time of specimen collection provides an indication of the level of medical care required...,検体採取時の患者の受診環境（外来・入院等）が必要な医療レベルを示すという仮定に基づき、病気の重症度の代替指標として受診環境を用いた。
〜の検討の際に注意を要する・注目に値する,warrant attention when considering,prevent complications while avoiding,require no further evaluation when,These geographic variations [   ] empiric antibiotic choices for severe infections.,"Additionally, the prevalence of MRMP strains and the susceptibility of older adults to severe Mpn disease warrant attention when considering medical treatment options for Mpn infections.",さらに、MRMP株の流行状況および高齢者の重症Mpn疾患への罹患やすさは、Mpn感染症の治療選択肢を検討する際に注意を払うに値する。
〜のためにいくつかの主な課題をもたらす・直面させる,presents several key challenges due to,offers immediate solutions despite,eliminates all doubts regarding,Implementing this novel diagnostic assay in routine practice [   ] the required technical expertise.,"However, establishing a laboratory QMS encompassing NGS presents several key challenges due to the inherent complexity of workflows, as well as barriers related to cost, method validation, specialized QA and QC processes, training of personnel, and equipment management.",しかし、次世代シーケンシング（NGS）を網羅する臨床検査品質管理システム（QMS）の構築は、ワークフロー固有の複雑さに加え、コスト、手法の妥当性確認、専門的な品質保証・品質管理プロセス、人員の教育、機器管理に関連する障壁のため、いくつかの主要な課題をもたらしている。
〜のペース・進化についていくこと,Keeping pace with,Turning away from,Falling behind in,[   ] rapidly evolving genomic technologies requires continuous professional education.,"Keeping pace with these updates is challenging, as implementation and oversight require subject matter experts with up-to-date knowledge of NGS, regulatory compliance, and safety considerations.",NGS、規制遵守、安全上の懸念に関する最新知識を持つ専門家が導入および監視に不可欠であるため、これらの更新ペースについていくことは容易ではない。
〜において重要な役割を果たす,plays an important role in,acts as a negative impact on,causes a total reduction of,Data integrity [   ] ensuring regulatory compliance across clinical laboratories.,"Furthermore, security plays an important role in Information Management, especially under CLIA regulations, where confidentiality and data integrity are of the utmost importance during transmission of patient data or applicable regulatory and accreditation requirements.",さらに、患者データの送信時や適用される規制・認定要件において守秘義務とデータの完全性が非常に重要となるCLIA規制下では特に、セキュリティが情報管理において重要な役割を果たしている。
〜に呼応して・〜に伴って・〜に沿って,In line with,Contrary to,In spite of,"[   ] recent technological advancements, new guidelines have been introduced to streamline workflow procedures.","In line with advances in AI, the Initiative is currently exploring natural language processing models to assess method validation plans and increase the efficiency of this process.",AIの進歩に伴い、本イニシアチブは現在、方法の妥当性確認計画を評価し、このプロセスの効率を高めるための自然言語処理モデルを模索している。
〜にとって重大な脅威となる,pose a significant threat to,provide a vital benefit to,show a minimal effect on,Antimicrobial resistance continues to [   ] global public health and clinical outcomes.,Bacterial bloodstream infection (BSI) continues to pose a significant threat to global health and is associated with high mortality and morbidity.,細菌性血流感染症（BSI）は世界の健康にとって引き続き重大な脅威となっており、高い死亡率および罹患率と関連している。
〜の状況・臨床環境において,In the setting of,Out of the reach of,On the verge of,"[   ] severe sepsis, immediate administration of appropriate broad-spectrum antibiotics is required.","In the setting of BSI caused by vancomycin-resistant Enterococcus (VRE), timely antibiotic escalation to anti-VRE therapy has a significant clinical benefit in 28-day mortality over empiric gram-positive coverage including vancomycin.",バンコマイシン耐性腸球菌（VRE）による血流感染症の状況においては、バンコマイシンを含む経験的グラム陽性菌カバー治療と比較して、抗VRE療法へのタイムリーな抗菌薬の強化が28日死亡率において著しい臨床的ベネフィットをもたらす。
〜としての使用・適用を検討する価値がある,deserves consideration for use as,lacks any evidence for,faces strong opposition against,The novel molecular assay [   ] a first-line diagnostic tool in emergency settings.,"Given the demonstrated high sensitivity and specificity of the BCP assay, it deserves consideration for use as an RMP to supplement other clinical and laboratory findings in diagnosing the causative organism in gram-positive BSI.",BCPアッセイの実証された高い感度と特異度を考慮すると、グラム陽性菌BSIの原因微生物の診断において他の臨床および検査所見を補完する迅速分子パネル（RMP）としての使用を検討する価値がある。
〜によって引き起こされる診断上の課題を再認識させる・強める,reinforce the diagnostic challenge posed by,resolve the therapeutic conflict caused by,eliminate the clinical complexity created by,Recent reports [   ] cross-reactivity between closely related bacterial species.,"These findings reinforce the diagnostic challenge posed by genetic overlap between commensal and pathogenic Neisseria species, particularly in pharyngeal samples where NM colonization is common.",これらの知見は、特にNMの定着が一般的である咽頭検体において、常在性および病原性ナイセリア属菌間の遺伝的重複によって引き起こされる診断上の課題を改めて強調するものである。
〜の必要性を強調する・浮き彫りにする,highlight the need for,diminish the demand for,overlook the importance of,These unexpected false-positive findings [   ] standardized confirmatory testing protocols.,"Collectively, these reports highlight the need for rigorous supplemental testing to address the ongoing issues of NG screening assay non-specificity.",総合的に見て、これらの報告はNGスクリーニングアッセイの非特異性という進行中の問題に対処するために、厳格な補完的検査の必要性を強調している。
〜とは対照的に,In contrast to,In agreement with,Regardless of,"[   ] previous studies, our findings demonstrate no statistically significant difference between the two treatment groups.","In contrast to CLSI M100 and EUCAST, CLSI VET01S currently includes species-specific β-lactam breakpoints for canids, felids, and equids as well as the surrogate agents penicillin, oxacillin, and cefoxitin, using breakpoints published in CLSI M100.",CLSI M100やEUCASTとは対照的に、CLSI VET01Sは現在、CLSI M100で公表されたブレイクポイントを用いた代理薬剤（ペニシリン、オキサシリン、セフォキシチン）に加えて、イヌ科、ネコ科、ウマ科に対する菌種特異的なβ-ラクタム系ブレイクポイントを含んでいる。
〜に関連している,associated with,separated from,derived from,Chronic infection with this pathogen is [   ] increased mortality in hospitalized patients.,Pseudomonas aeruginosa is a major nosocomial pathogen commonly involved in multidrug-resistant infections in immunocompromised hosts and is associated with significant morbidity and mortality.,緑膿菌（Pseudomonas aeruginosa）は、免疫不全患者における多剤耐性感染症に頻繁に関与する主要な院内感染病原体であり、高い罹患率および死亡率に関連しています。
〜とは著しい対照をなして,In stark contrast to,In parallel with,In line with,"[   ] the initial hypothesis, the experimental group showed no significant improvement.","In stark contrast to the results of the mCIM, broth microdilution susceptibility testing demonstrated the isolate was susceptible to meropenem, doripenem, and imipenem.",mCIMの結果とは著しい対照をなして、微小液体希釈感受性試験では、本分離株がメロペネム、ドリペネム、およびイミペネムに感受性であることが示されました。
〜として台頭してきた、〜として浮上した,has emerged as,has faded into,has converted to,"In recent years, mass spectrometry [   ] a powerful tool for rapid clinical diagnosis.","In recent years, matrix-assisted laser desorption/ionization time-of-flight mass spectrometry (MALDI-TOF MS) has emerged as an effective tool for direct bacterial species identification from positive blood cultures.",近年、マトリックス支援レーザー脱離イオン化飛行時間型質量分析（MALDI-TOF MS）は、陽性血液培養からの迅速な菌種同定のための有効なツールとして台頭してきました。
〜のギャップ（課題・空白）に対処する,address the gap in,widen the margin of,overlook the lack of,New diagnostic assays are urgently required to [   ] the detection of resistant pathogens.,"Thus, taking advantage of the mechanism of action of imipenem/relebactam against P. aeruginosa, we developed an innovative MALDI-TOF-based assay to rapidly predict the presence of carbapenemase enzymes and address the gap in the availability of rapid diagnostic methods to combat MDR/XDR P. aeruginosa infections.",したがって、緑膿菌に対するイミペネム/レレバクタムの作用機序を利用して、我々はカルバペネマーゼの存在を迅速に予測し、耐性緑膿菌感染症と戦うための迅速診断法の利用可能性におけるギャップに対処する革新的な測定法を開発しました。
〜を利用して、〜を活かして,taking advantage of,turning a blind eye to,falling short of,"By [   ] the unique structural feature of the protein, researchers designed a novel inhibitor.","Thus, taking advantage of the mechanism of action of imipenem/relebactam against P. aeruginosa, we developed an innovative MALDI-TOF-based assay to rapidly predict the presence of carbapenemase enzymes.",したがって、緑膿菌に対するイミペネム/レレバクタムの作用機序を利用して、我々はカルバペネマーゼ酵素の存在を迅速に予測する革新的なMALDI-TOFベースの測定法を開発しました。
私たちの知る限り,to our knowledge,by our intention,at our disposal,"This study is, [   ], the first to report this genetic mutation in clinical isolates.",This study is the first (to our knowledge) to identify a false-positive eCIM due to a serine β-lactamase.,本研究は、（我々の知る限り）セリンβ-ラクタマーゼによる偽陽性のeCIMを特定した最初の報告です。
総合すると、これらの結果は〜を示唆している,"Taken together, these results suggest","Kept apart, those data deny","Taken individually, this trial proves",[   ] that the enzyme plays a crucial role in conferring resistance to carbapenems.,"Taken together, these results suggest there is no production of a metallo-β-lactamase by C. sedlakii NIH2339.",総合すると、これらの結果はC. sedlakii NIH2339によるメタロ-β-ラクタマーゼの産生がないことを示唆しています。
（今後の課題として）未決定である、今後の解明が待たれる,remains to be determined,has already been solved,is bound to neglect,Whether this novel mechanism contributes to treatment failure [   ] in future clinical trials.,"As other isolates of C. sedlakii have illustrated carbapenem susceptibility, it remains to be determined if all C. sedlakii isolates will show carbapenemase activity via the mCIM test or if our isolate has a gain of function.",C. sedlakiiの他の分離株がカルバペネム感受性を示しているため、すべての分離株がmCIM試験でカルバペネマーゼ活性を示すのか、あるいは当校の分離株が機能獲得を起こしているのかは、今後の解明課題です。
〜に従って、〜に準拠して,in accordance with,in conflict with,in reference for,All experimental procedures were performed [   ] the relevant institutional guidelines.,"In accordance with the Chinese Expert Consensus recommendations, the APB-EDTA method uses imipenem susceptibility disks containing final concentrations of APB and EDTA.",中国のエキスパートコンセンサスの推奨に従い、APB-EDTA法では最終濃度のAPBおよびEDTAを含むイミペネム感受性ディスクを使用します。
〜するように設計されている、〜することを目的としている,is designed to,is expected of,is constrained from,The new screening protocol [   ] detect antibiotic-resistant bacteria at an early stage.,"As our screening methods are designed to most quickly determine the presence of carbapenemases to inform infection control, we performed Carba-R and mCIM testing before ASTs.",当院のスクリーニング法は、感染対策に役立てるためにカルバペネマーゼの存在を最も迅速に特定するように設計されているため、薬剤感受性試験の前にCarba-RおよびmCIM試験を実施しました。
〜に重大な影響を与える,have a major impact on,take a minor offset to,pose a subtle trace in,Rapid diagnostic methods have been shown to [   ] treatment decision-making and patient outcomes.,"Rapid laboratory methods aimed at predicting susceptibility or resistance have been demonstrated to have a major impact on precise treatment decision-making, successful infection management, and patient outcomes.",感受性または耐性を予測することを目的とした迅速な検査法は、正確な治療意思決定、成功裡の感染管理、および患者の予後に重大な影響を与えることが実証されています。
〜によって部分的に軽減される,partly mitigated by,completely erased from,severely aggravated with,The clinical burden of resistant infections has been [   ] the introduction of novel antimicrobial agents.,This situation has been partly mitigated in recent years by the introduction of innovative cephalosporin/β-lactamase inhibitor combinations in the clinical setting.,この状況は近年、臨床現場への革新的なセファロスポリン/β-ラクタマーゼ阻害薬配合剤の導入によって部分的に軽減されています。
〜と組み合わせて、〜と併用して,in combination with,in exclusion of,in opposition to,The drug was administered [   ] broad-spectrum antibiotics to achieve maximal efficacy.,This therapeutic challenge results from the overwhelming ability of P. aeruginosa to limit the effectiveness of all conventional β-lactam antibiotics via upregulation of ampC in combination with the inactivation of OprD.,この治療上の課題は、OprDの不活性化と組み合わされたampCの上昇調節などを通じて、従来のすべてのβ-ラクタム系抗菌薬の有効性を制限する緑膿菌の圧倒的な能力に起因しています。
〜を引き起こす、〜につながる,lead to,depend on,stem from,Inappropriate antibiotic usage can [   ] the rapid emergence of resistant bacterial strains.,"We further demonstrate a strong inoculum effect associated with this isolate, likely due to weak carbapenemase activity of SED-1, that can lead to false-positive eCIM and mCIM tests.",さらに、我々はこの分離株に関連する強い接種量効果を実証しました。これはSED-1の弱いカルバペネマーゼ活性に起因すると考えられ、eCIMおよびmCIM試験の偽陽性を引き起こす可能性があります。
〜として機能する、〜の役割を果たす,serve as,act against,interfere with,Well-characterized reference strains were included in every run to [   ] internal quality controls.,"Klebsiella pneumoniae ATCC 1705 and 1706 were tested in parallel with each isolate to serve as positive and negative controls, respectively.",Klebsiella pneumoniae ATCC 1705および1706は、それぞれ陽性対照および陰性対照として機能させるため、各分離株と並行して試験されました。
〜に従って / 〜に準拠して,in accordance with,in spite of,with reference to,The assay was performed [   ] the manufacturer's guidelines.,"Gradient diffusion testing with ETEST AZA (bioMérieux, La Balme Les Grottes, France) was performed in accordance with the manufacturer’s instructions.",ETEST AZAによる勾配拡散試験は、製造元の指示に従って実施された。
治療の選択肢が限られている,for which there are limited treatment options,which has shown promising efficacy,where standard care is recommended,Multidrug-resistant pathogens present a serious clinical challenge [   ].,"This dual mechanism positions AZA as a promising treatment alternative for infections caused by multidrug-resistant organisms that co-express MBLs and serine β-lactamases, for which there are limited treatment options.",この二重のメカニズムにより、AZAは、治療の選択肢が限られているMBLとセリンβ-ラクタマーゼを共発現する多剤耐性菌による感染症に対する有望な代替治療法と位置付けられている。
研究の開始前に,prior to study initiation,subsequent to trial completion,in addition to baseline testing,Ethical approval was secured from the institutional review board [   ].,"Prior to study initiation, each participating site obtained approval or a waiver from its respective institutional review board.",研究開始前に、参加する各施設はそれぞれの施設内倫理委員会（IRB）から承認または免除を取得した。
〜と高い基本一致率および判定一致率を示した,demonstrated high essential and categorical agreement with,showed significant discrepancies when compared to,yielded contradictory findings in relation to,The novel diagnostic test [   ] the reference gold-standard method.,"This multicenter evaluation of ETEST AZA demonstrated high essential and categorical agreement with the reference broth microdilution method across a diverse set of clinical and challenge Enterobacterales isolates, supporting its utility for routine clinical microbiology use.",ETEST AZAのこの多施設評価は、様々な臨床およびチャレンジEnterobacterales分離株において基準微小液体希釈法と高い基本一致率および判定一致率を示し、日常の臨床微生物学検査での有用性を支持している。
公衆衛生上の重大な懸念事項である,represent a major public health concern,provide an optimal therapeutic solution,indicate a low clinical relevance,The global spread of carbapenem-resistant bacterial strains continues to [   ].,"Due to the extremely limited therapeutic options available, the emergence and spread of CPE infections represent a major public health concern.",利用可能な治療の選択肢が非常に限られているため、CPE感染症の出現と拡大は公衆衛生上の重大な懸念事項となっている。
〜と一致して / 〜に沿って,in alignment with,in contrast to,regardless of,Treatment strategies were updated [   ] current international guidelines.,"These rules aim to improve the interpretability of AST reports and support a more targeted antibiotic therapy in alignment with recent recommendations, with the goals to optimize the use of antibiotics, limit the emergence of resistance, and maintain patient safety.",これらのルールは、抗菌薬使用の最適化、耐性菌出現の抑制、患者の安全維持を目的として、最近の推奨事項に沿ったより標的を絞った抗菌薬療法をサポートし、ASTレポートの解釈可能性を向上させることを目指している。
これらの知見の汎用性（一般化可能性）を制限する,limits the generalizability of these findings,enhances the clinical utility of the study,confirms the universal applicability of the results,The small sample size from a single medical center inherently [   ].,"However, only a limited number of OXA-48-like producers ( n = 19) were included in that study, reflecting their low prevalence in the United States, which limits the generalizability of these findings to other epidemiological contexts.",しかし、その研究に含まれたOXA-48様産生菌は僅かな数（n = 19）にとどまり、これは米国における流行度の低さを反映しており、他の疫学的文脈へのこれらの知見の一般化可能性を制限している。
〜を迅速に開始するために不可欠である,is essential for quickly initiating,is irrelevant when considering,may be omitted prior to beginning,Early diagnosis of bloodstream infections [   ] targeted antimicrobial therapy.,Rapid and accurate identification of the causative pathogen(s) and their AMR genes in BSI is essential for quickly initiating the most appropriate antimicrobial therapy.,血流感染症における原因病原体およびその耐性遺伝子の迅速かつ正確な特定は、最も適切な抗菌薬療法を迅速に開始するために不可欠である。
〜に対して誤った安心感を与えてしまう,give false confidence in,provide definitive proof of,accurately reflect,Inaccurate laboratory testing results may [   ] the efficacy of prescribed drugs.,Failure to detect carbapenem resistance mediated by a cphA-type MBL by routine phenotypic methods can give a provider false confidence in the effectiveness of carbapenem treatment for Aeromonas spp. infections.,ルーチンの表現型検査法でcphA型MBLが介在するカルバペネム耐性を検出できないと、Aeromonas属感染症に対するカルバペネム治療の有効性に関して医療者に誤った安心感を与える可能性がある。
〜において役割を果たす,play a role in,have no effect on,be excluded from,Molecular diagnostic assays may [   ] guiding targeted therapy.,"Our study shows that the mCIM is also able to detect carbapenem resistance due to cphA in Aeromonas spp. with high sensitivity and specificity, suggesting that although it is not currently endorsed for use in Aeromonas spp. by CLSI, this test may play a role in susceptibility testing for these organisms.",我々の研究は、mCIMがAeromonas属におけるcphAによるカルバペネム耐性を高い感度と特異度で検出できることも示しており、現在CLSIによってAeromonas属への使用が推奨されていないものの、この検査がこれらの菌の薬物感受性試験において役割を果たす可能性を示唆している。
臨床的意思決定を支援する,support clinical decision-making,complicate treatment choices,delay therapeutic intervention,Rapid antimicrobial susceptibility results can significantly [   ] in intensive care units.,"Given the absence of standardized clinical guidelines for most of these methods, our goal was to compare their performance directly with rBMD and assess which method(s) could reliably support clinical decision-making in treating infections caused by MBL-producing Enterobacterales with the combination ATM plus CZA...",これらの方法の大部分について標準化された臨床ガイドラインが存在しないため、我々の目標はそれらの性能をrBMDと直接比較し、どの方法がATM＋CZA併用によるMBL産生Enterobacterales起因感染症の治療における臨床意思決定を確実に支援できるかを評価することであった。
〜の監督のもとで実施された,was conducted under the oversight of,was performed without reference to,was terminated due to,The clinical trial [   ] the local ethics committee.,This study was conducted under the oversight of the Institutional Review Boards of all participating sites and conformed to the tenets of the Declaration of Helsinki and the Health Insurance Portability and Accountability Act (HIPAA) of 1996.,本研究はすべての参加施設の施設内倫理委員会（IRB）の監督のもとで実施され、ヘルシンキ宣言および1996年公的医療保険のポータビリティと責任に関する法律（HIPAA）の主義に準拠していた。
〜の新興病原体である,is an emerging pathogen of,is a well-established harmless strain of,has been successfully eradicated from,The newly identified bacterial species [   ] growing concern worldwide.,K. variicola is an emerging pathogen of the K. pneumoniae complex that is not currently discernible from other members by automated biochemical testing.,K. variicolaは、自動生化学検査では現在のところ他の構成菌と区別できない、K. pneumoniaeコンプレックスの新興病原体である。
適切な治療法を導くために（選択するために）,to guide appropriate therapy,to reduce diagnostic sensitivity,to avoid laboratory documentation,Prompt identification of resistance genes is necessary [   ] in septic patients.,"Antimicrobial susceptibility testing is required to guide appropriate therapy, as different combinations of β-lactamases result in different susceptibility patterns, and resistance to fluoroquinolones in Aeromonas spp. is increasing.",β-ラクタマーゼの異なる組み合わせによって感受性パターンが異なり、Aeromonas属におけるフルオロキノロン耐性が増加しているため、適切な治療を導くために抗菌薬感受性試験が必要である。
〜におけるばらつき（変動性）を浮き彫りにする,highlight variability in,confirm perfect consistency among,eliminate all uncertainty regarding,These comparative results [   ] diagnostic sensitivity across laboratories.,"Our findings highlight variability in test performance, with the broth disk elution method demonstrating the highest accuracy, reproducibility, and consistency across two independent sites.",我々の知見は検査性能におけるばらつきを浮き彫りにしており、液体ディスク溶出法が2つの独立した施設間で最も高い正確度、再現性、および一貫性を示した。
〜と一致している,is consistent with,is correlated to,is contrasting with,This result [   ] previous findings in other patient populations.,This is consistent with other studies in which respiratory samples were the most common source of S. maltophilia colonization.,これは、呼吸器検体がS. maltophilia定着の最も一般的な供給源であった他の研究結果と一致している。
私たちの知る限り、これは〜された最初の研究である,"To our knowledge, this is the first","As far as we concern, this is the main","In our belief, this is the primary",[   ] study to evaluate the long-term clinical outcomes of this treatment.,"To our knowledge, this is the first state-wide point prevalence survey of S. maltophilia among patients receiving mechanical ventilation in long-term care facilities.",私たちの知る限り、これは長期ケア施設で人工呼吸器管理を受けている患者におけるS. maltophiliaの州全体での最初のポイントプレバレンス調査である。
〜であることが報告（記録）されている,It is documented that,It is suspected that,It is assumed that,[   ] the pathogen grows well under standard laboratory conditions.,"It is documented that S. maltophilia grows well under standard laboratory conditions (nutrient-rich media, 37°C), but there are limited studies comparing various microbiological methods for isolating the organism from clinical samples.",S. maltophiliaは標準的な検査条件（栄養豊富な培地、37℃）で良く生育することが報告されているが、臨床検体から本菌を分離するためのさまざまな微生物学的補法を比較した研究は限られている。
今後の研究で〜についてさらに調査されるべきである,Future studies should further investigate,Previous works might already clarify,Current data will fully explain,[   ] optimal dosing strategies and prevention methods for high-risk patients.,"Future studies should further investigate methods for isolating this organism, particularly given the growing importance of surveillance.",サーベイランスの重要性が増していることを考慮すると、今後の研究ではこの菌株を分離する方法についてさらに調査を進めるべきである。
本研究には限界がある,This study has limitations,This study lacks interest,This study excludes evidence,"[   ]. First, the sample size was relatively small.","This study has limitations. First, this point prevalence survey was limited to patients receiving mechanical ventilation in long-term care facilities and thus cannot be widely generalized to other patient populations or care settings.",本研究には限界がある。第一に、このポイントプレバレンス調査は長期ケア施設で人工呼吸器管理を受けている患者に限定されており、したがって他の患者集団やケア施設に広く一般化することはできない。
〜に応じて / 〜を受けて,In response to,In spite of,In preference to,"[   ] the increasing threat of drug resistance, new infection control guidelines were established.","In response to national and regional increases in reported C. auris, we conducted a retrospective and prospective evaluation of cases within a healthcare system...",報告されたC. aurisの全国的および地域的な増加を受けて、私たちは医療システム内の事例の後方視的および前方視的評価を実施した。
したがって〜することが極めて重要である,It is therefore critical to,It is merely optional to,It is rarely necessary to,[   ] validate these diagnostic findings within a broader clinical context.,It is therefore critical to interpret molecular findings within a broader epidemiologic context.,したがって、分子生物学的知見をより広い疫学的な文脈の中で解釈することが極めて重要である。
要約すると / まとめると,In summary,In detail,In advance,"[   ], targeted surveillance and prevention efforts are urgently needed for this patient population.","In summary, patients in long-term care facilities who are receiving mechanical ventilation are at high risk of S. maltophilia colonization and potential infection.",要約すると、長期ケア施設で人工呼吸器管理を受けている患者は、S. maltophiliaの定着および潜在的感染のハイリスク群である。
慎重な検討を必要とする,warrants careful consideration,avoids thorough inspection,rejects immediate evaluation,The potential impact of these minority subpopulations on therapeutic response [   ].,"Although the clinical significance of minority-resistant subpopulations varies by organism, host, and infection type, their existence is well established, and their potential to influence treatment response—particularly in high-risk contexts—warrants careful consideration.",少数派の耐性サブセラピーの臨床的意義は微生物、宿主、感染症の種類によって異なるものの、その存在はよく確立されており、特にハイリスクな文脈において治療反応に影響を与える可能性は慎重な検討を必要とする。
〜の必要性を強調している,underscores the need for,dismisses the demand for,diminishes the reason for,This analytical limitation [   ] more advanced diagnostic strategies.,"This limitation underscores the need for more advanced strategies, such as the use of additional mass spectral peaks and/or the application of ML techniques to enhance the detection of KPC-producing isolates.",この限界は、KPC産生株の検出を高めるための追加の質量スペクトルピークの使用や機械学習技術の応用など、より高度な戦略の必要性を強調している。
〜する可能性を秘めている,holds potential to,loses chance to,fails ability to,The development of integrated algorithms [   ] improve routine laboratory workflows.,The development of such integrated strategies holds potential to improve clinical microbiology workflows by quickly and easily informing optimal therapeutic options and strengthening antimicrobial stewardship.,このような統合戦略の開発は、最適な治療選択肢を迅速かつ容易に提供し、抗菌薬スチュワードシップを強化することによって、臨床微生物学のワークフローを改善する可能性を秘めている。
合計〜の,A total of,A fraction of,A minority of,[   ] 435 clinical isolates were evaluated in this study.,"A total of 435 clinical isolates of K. pneumoniae were analyzed in this study, including KPC-producing ( n = 237) and non-KPC-producing ( n = 198) isolates.",本研究では、KPC産生株（n = 237）および非KPC産生株（n = 198）を含む合計435株のK. pneumoniae臨床分離株が解析された。
〜の有望な戦略として浮上した,emerged as a promising strategy,disappeared as a useless concept,collapsed into a dangerous failure,The integration of advanced algorithms has [   ] for rapid disease detection.,"In recent years, integration of machine learning (ML) algorithms with MALDI-TOF MS data has emerged as a promising strategy for AMR detection.",近年、機械学習（ML）アルゴリズムとMALDI-TOF MSデータの統合は、薬剤耐性（AMR）検出のための有望な戦略として浮上してきた。
重要な公衆衛生上の懸念事項である,is a critical public health concern,is a minor local problem,is a solved medical issue,The spread of carbapenem-resistant organisms [   ] worldwide.,Carbapenem-resistant organisms (CROs) are a critical public health concern worldwide due to increasing prevalence and limited therapeutic options.,カルバペネム耐性菌（CRO）は、流行の拡大と限られた治療選択肢により、世界中で重要な公衆衛生上の懸念となっている。
〜にはいくつかの限界が存在する,There are several limitations of,There are few doubts about,There are many benefits of,[   ] this study that should be addressed in future work.,There are several limitations of this study. The study used different isolate collections that had different susceptibility profiles.,本研究にはいくつかの限界が存在する。本研究では、感受性プロファイルが異なる複数の分離株コレクションが使用された。
〜にとって不可欠である,critical to,resistant to,subject to,Early confirmation of bloodstream infection and appropriate therapy is [   ] patient outcomes.,"Thus, early confirmation of BSI and the consequent administration of appropriate antimicrobial therapy is critical to patient outcomes.",したがって、BSIの早期確認とそれに伴う適切な抗菌薬療法の投与は、患者のアウトカムにとって不可欠である。
課題に対処する,address challenges,pose threats,ignore factors,"To [   ] in BSI diagnosis, we evaluated the performance of the new testing system.","To address challenges in BSI diagnosis and AST, we evaluated the performance of the VITEK REVEAL system using the Accelerate Pheno as the reference standard of care method.",BSI診断およびASTにおける課題に対処するため、我々は標準治療比較法としてAccelerate Phenoを用い、VITEK REVEALシステムの性能を評価した。
〜に従って / 〜に準拠して,in accordance with,in contrast to,with the exception of,Testing was performed [   ] the protocol's inclusion criteria and manufacturer's instructions.,"VITEK REVEAL is optimized for use with positive blood culture samples within 16 h of sample positivity, in accordance with the protocol’s inclusion criteria and IFU.",VITEK REVEALは、プロトコルの選択基準および使用説明書（IFU）に従い、サンプル陽性判定から16時間以内の陽性血液培養サンプルでの使用に最適化されている。
〜と一致する / 整合する,aligned with,interfered with,originated from,"In instances of discordance, the reference laboratory results more often [   ] the new system.","In instances of discordance between the two instruments, BMD results more often aligned with the VITEK REVEAL, favoring it in over half of the cases.",2つの機器間で不一致が生じた事例において、BMDの結果はVITEK REVEALと一致することが多く、半数以上のケースでそれを支持していた。
知見を裏付ける,corroborate findings,contradict evidence,undermine conclusions,"When analyzing sequential data, our experimental results [   ] reported by previous studies.","When analyzing sequential TTR by resistance groups (resistant and susceptible/intermediate organisms), our data corroborate findings by Menchinelli et al.",耐性グループ（耐性株および感性/中間株）ごとに逐次TTRを分析した際、我々のデータはメンチネリらの知見を裏付けるものであった。
公衆衛生上の懸念を引き起こす / もたらす,poses a public health concern,provides a clinical solution,clears a regulatory hurdle,The emergence and spread of drug-resistant infections [   ] worldwide.,Carbapenem-resistant organisms (CROs) are a critical public health concern worldwide due to increasing prevalence and limited therapeutic options.,カルバペネム耐性菌（CRO）は、有病率の増加と治療選択肢の限定により、世界中で重大な公衆衛生上の懸念となっている。
〜に固有の / 伴う,inherent to,superior to,irrelevant to,This limitation reflects a broader challenge [   ] phenotypic assays.,"This limitation reflects a broader challenge inherent to inhibitor-based assays, where overlapping or masked enzyme activity may complicate interpretation.",この限界は、酵素活性の重複や覆い隠しが解釈を複雑にする可能性があるという、阻害剤ベースの検査法に固有のより広範な課題を反映している。
〜の一般化可能性（汎用性）を制限する,limits the generalizability of,enhances the validity of,extends the duration of,The small number of isolates included in that study [   ] these findings to other settings.,"However, only a limited number of OXA-48-like producers (n = 19) were included in that study, reflecting their low prevalence in the United States, which limits the generalizability of these findings to other epidemiological contexts.",しかし、米国での有病率の低さを反映して、その研究に含まれたOXA-48様産生菌は限られた数（n = 19）のみであり、これが他の疫学的文脈へのこれらの知見の一般化可能性を制限している。
〜に沿って / 調和して,in alignment with,in preference to,in contrast with,These expert rules support a more targeted antibiotic therapy [   ] recent recommendations.,"These rules aim to improve the interpretability of AST reports and support a more targeted antibiotic therapy in alignment with recent recommendations, with the goals to optimize the use of antibiotics.",これらのルールは、抗菌薬使用の最適化を目的として、最近の推奨事項に沿ってAST報告の解釈可能性を向上させ、より標的を絞った抗菌薬療法を支援することを目的としている。
〜の臨床的有用性を損なう,endangering the clinical utility,improving the overall efficacy,facilitating the rapid adoption,"Carbapenem resistance poses an urgent global health threat, [   ] of these critical antibiotics.","Carbapenem resistance poses an urgent global health threat, endangering the clinical utility of these critical antibiotics.",カルバペネム耐性は緊急の地球規模の健康の脅威であり、これらの重要な抗菌薬の臨床的有用性を損なっている。
〜のために温存される / 留保される,held in reserve,discarded in advance,administered at random,These last-resort drugs are [   ] to target multidrug-resistant bacterial pathogens.,These drugs are considered antibiotics of last resort and are held in reserve to target multidrug-resistant bacterial pathogens.,これらの薬剤は最終手段の抗菌薬とみなされており、多剤耐性細菌病原体を標的とするために温存されている。
〜に対して低い感度を示す,exhibits poor sensitivity,demonstrates high accuracy,maintains strong affinity,Some laboratories have found that the rapid test [   ] for enzymes with weaker hydrolytic activity.,"Although this test has a drastically reduced turnaround time compared to the mCIM, some labs have found that the CARBA-NP test exhibits poor sensitivity for carbapenemases with weaker hydrolytic activity (e.g., OXA-48-like).",この検査はmCIMと比較してターンアラウンド時間が大幅に短縮されているものの、CARBA-NP検査は加水分解活性が弱いカルバペネマーゼ（OXA-48様など）に対して低い感度を示すことが一部のラボで報告されている。
〜の必要性をなくす / 不要にする,negate the need for,increase the risk of,pave the way to,Direct detection from clinical swabs would [   ] overnight culturing of isolates prior to testing.,"This would negate the need for overnight culturing of potential CPE isolates prior to testing, as is typically required for phenotypic CPE testing methods, including the resaCPE test described here.",これにより、ここに記載したresaCPE検査を含む表現型CPE検査法で通常要求されるような、検査前にCPEの可能性がある分離株を徹夜で培養する必要がなくなる。
〜の必要性を強調する / 浮き彫りにする,highlight the need for,eliminate the possibility of,reduce the dependence on,High mortality rates associated with severe sepsis [   ] more rapid diagnostic tools.,The high mortality and morbidity rates associated with sepsis highlight the need for more rapid diagnosis and treatment with the most effective antimicrobial therapy.,敗血症に伴う高い死亡率および罹患率は、最も効果的な抗菌薬療法によるより迅速な診断と治療の必要性を強調している。
閾値を下回る,fell below the threshold,reached the maximum,exceeded the limit,"For the specific bacterial group, only one drug combination [   ] established for categorical agreement.","For the Enterobacterales group, only ampicillin/sulbactam (EA, 63.8%; CA 53.6%) fell below the 90% threshold.",Enterobacterales群において、アンピシリン/スルバクタム（EA、63.8％；CA、53.6％）のみが90％の閾値を下回った。
〜に対する重大な脅威として浮上した,emerged as a significant threat to,evolved into a primary cure for,remained as a minor concern for,Multidrug-resistant pathogens have [   ] public health globally.,Carbapenemase-producing Enterobacterales (CPE) have emerged as a significant threat to healthcare worldwide ( 1 ).,カルバペネマーゼ産生腸内細菌目細菌（CPE）は、世界中の医療に対する重大な脅威として浮上している。
〜の標準的基準（ゴールドスタンダード）であり続けている,remains the gold standard for,is considered a minor option for,serves as a preliminary test for,Culture methods [   ] the diagnosis of systemic bacterial infections.,"While broth microdilution (BMD) remains the gold standard for determining carbapenem MICs, its extensive hands-on time makes it impractical for diagnostic laboratories.",微小液体希釈法（BMD）はカルバペネムのMIC測定における標準的基準（ゴールドスタンダード）であり続けているが、その膨大な手技時間が検査室での実用性を低くしている。
〜を評価するために比較研究を行った,conducted a comparative study to,performed a clinical trial of,designed a descriptive review on,We [   ] evaluate the performance of two diagnostic assays.,"Therefore, we conducted a comparative study to evaluate the performance of disk diffusion (DD), gradient test (ETEST), and VITEK 2 in comparison with BMD as the reference method for OXA-48-like CPE.",したがって、我々はOXA-48様CPEに対する参照法としてのBMDと比較して、ディスク拡散法（DD）、グラジエント法（ETEST）、およびVITEK 2の性能を評価するために比較研究を行った。
〜の間の不一致の場合には,In case of discrepancies between,Due to similarities among,In accordance with variations in,"[   ] the initial test and the retest, a third evaluation was performed.","In case of discrepancies between the reference method and a derivative method (>2 dilutions for an MIC method or categorical discrepancy for DD), the isolate was retested to exclude any technical error before the final analysis.",参照法と派生法との間に不一致が生じた場合（MIC法で2倍希釈段階を超える差、またはDDでのカテゴリーの不一致）、最終解析の前に技術的エラーを排除するため菌株を再検査した。
〜に従って解釈された,were interpreted according to,were modified regardless of,were dismissed based on,Results [   ] EUCAST clinical breakpoints.,Results were interpreted according to the European Committee on Antimicrobial Susceptibility Testing (EUCAST) clinical breakpoints (v14.0) ( 22 ).,結果は欧州臨床微生物抗微生物薬ブレイクポイント委員会（EUCAST）の臨床ブレイクポイントに従って解釈された。
統計的に有意であるとみなされた,was considered significant,was proved invalid,was deemed inconclusive,A P value < 0.05 [   ] in all statistical analyses.,A P value <0.05 was considered significant.,P値0.05未満を統計的に有意とみなした。
対照的に / これに対して,In contrast,As a consequence,On average,"[   ], the highest EA for imipenem (90.5%) was observed with VITEK 2 AST-N428.","In contrast, the highest EA for imipenem (90.5%) was observed with VITEK 2 AST-N428.",対照的に、イミペネムの最高EA（90.5%）はVITEK 2 AST-N428で観察された。
〜する傾向があることを指摘している,pointing out a tendency to,ignoring the probability of,demonstrating a resistance to,"The experimental bias was high, [   ] overestimate resistance rates.","Bias was >30% for ertapenem and meropenem with all VITEK cards in the OXA-48-like group and for ertapenem with VITEK 2 AST-N223 and VITEK 2 AST-N432 cards in the control group, pointing out a tendency to overestimate MICs for these antibiotics.",OXA-48様群のすべてのVITEKカードにおけるエルタペネムおよびメロペネム、ならびに対照群のVITEK 2 AST-N223およびAST-N432カードにおけるエルタペネムでバイアスが30%を超え、これらの抗菌薬のMICを過大評価する傾向があることを指摘している。
すべての〜において一貫してより高い,consistently higher across all,highly variable throughout,remarkably lower despite,Categorical agreement was [   ] testing methods.,"In the OXA-48-like group, CA for ertapenem was consistently higher (93.5%–98.1%) across all methods compared to imipenem (59.8%–81.4%) and meropenem (78.8%–95.3%) ( Table 3 ).",OXA-48様群において、エルタペネムのCAはイミペネム（59.8%〜81.4%）およびメロペネム（78.8%〜95.3%）と比較して、すべての方法において一貫して高かった（93.5%〜98.1%）。
本研究にはいくつかの限界があった,There were some limitations to this study,No restrictions were found in this trial,Several exceptions were ignored during research,"[   ], such as the small sample size and single-center design.","There were some limitations to this study, e.g., using a commercial BMD assay as the gold standard, testing each isolate only once with each method, and employing a single reader for BMD, DD, and ETEST.",本研究には、市販のBMD測定法をゴールドスタンダードとして使用したこと、各菌株を各方法で1回しかテストしなかったこと、BMD・DD・ETESTの判定を単一の判定者が行ったことなど、いくつかの限界があった。
〜において特に極めて重要な役割を果たした,was especially pivotal in,was marginally involved in,was completely ineffective for,Plasmid dissemination [   ] the global spread of resistance genes.,The IncX3 plasmid spread among different Enterobacterales members was especially pivotal in the global spread of blaOXA-181.,異なる腸内細菌目細菌間でのIncX3プラスミドの拡散は、blaOXA-181の世界的な広がりにおいて特に極めて重要な役割を果たした。
時間の経過とともに頻度が増加している,are increasing in frequency over time,have remained entirely stable globally,are rapidly declining in prevalence,Bacteria harboring both resistance determinants [   ].,Bacteria with OXA-48-like variants and NDMs are increasing in frequency over time ( 18 ).,OXA-48様変異株とNDMを両方保有する細菌は、時間の経過とともに頻度が増加している。
〜の可能性を秘めている,have the potential to,lack the capability of,show no interest in,These newly identified mutations [   ] alter therapeutic outcomes.,K. pneumoniae and E. coli with OXA-48-like carbapenemases are forces to be reckoned with and have the potential to end the carbapenem era.,OXA-48様カルバペネマーゼを産生する肺炎桿菌や大腸菌は軽視できない存在であり、カルバペネム時代を終わらせる可能性を秘めている。
わずか〜のうちに,In a mere,After a prolonged,Over a gradual,"[   ] 10–20 years, bacteria with these enzymes have spread globally.","In a mere 10–20 years, bacteria with these enzymes have spread globally and, in certain regions, are seriously undermining the effect of carbapenem therapy.",わずか10〜20年のうちに、これらの酵素を持つ細菌は世界中に広がり、一部の地域ではカルバペネム治療の効果を深刻に脅かしている。
〜することが不可欠である / 必要不可欠である,it is imperative to,it is optional to,it is irrelevant to,"Before implementing direct testing, [   ] understand local epidemiology.","Before clinical laboratories implement OXA-48-like testing directly on specimens, it is imperative to know are OXA-48-like non-carbapenemases are circulating in their regions.",臨床検査室が検体からの直接OXA-48様検査を導入する前に、自地域で非カルバペネマーゼ型OXA-48様酵素が流行しているか知ることが不可欠である。
〜に重大な脅威をもたらす,pose a major threat to,make a major benefit for,pose a minor issue in,Carbapenem-resistant organisms [   ] global health due to limited therapeutic options.,Carbapenem-resistant organisms (CROs) pose a major threat to global health due to limited therapeutic options and their capacity for rapid dissemination.,カルバペネム耐性菌（CRO）は、治療選択肢が限られていることや迅速な拡散能力を持つことから、世界的な保健衛生に重大な脅威をもたらしている。
〜にとって不可欠である,is essential for,is optional to,is detrimental for,Rapid and reliable detection of carbapenemase-producing Enterobacterales [   ] infection control.,"Rapid and reliable detection of carbapenemase-producing Enterobacterales (CPE) is essential for infection control, epidemiological surveillance, and optimized antimicrobial therapy.",カルバペネム産生腸内細菌目細菌（CPE）の迅速かつ信頼性の高い検出は、感染対策、疫学調査、および最適な抗菌薬療法にとって不可欠である。
〜において極めて重要な役割を果たす,play a critical role in,take a minimal step on,form a slight factor for,Laboratory-developed methods [   ] guiding targeted antimicrobial therapy.,"In this context, laboratory-developed methods, such as combination testing of aztreonam and ceftazidime-avibactam, play a critical role in guiding therapy.",このような状況において、アズトレオナムとセフタジジム-アビバクタムの併用試験などの自家検査法（LDT）は、治療方針の決定において極めて重要な役割を果たしている。
公衆衛生上の懸念（事項）,public health concern,private medical interest,social insurance issue,Metallo-beta-lactamase-producing pathogens represent a global [   ].,Metallo-beta-lactamase (MBL)-producing Enterobacterales are a global public health concern.,メタロ-β-ラクタマーゼ（MBL）産生腸内細菌目細菌は、世界的な公衆衛生上の懸念事項である。
〜することを目指した・試みた,sought to,failed to,refused to,We [   ] compare the performance of four phenotypic methods across different laboratories.,"We sought to compare the performance of four phenotypic methods, up to three reagent manufacturers, and two media manufacturers.",私たちは、4つの表現型検査法、最大3社の試薬メーカー、および2社の培地メーカーの性能を比較することを目指した。
〜から〜の範囲に及んだ,ranged from,stayed between,shifted into,The essential agreement [   ] 46.1% to 62.7% across the testing sites.,The SS essential agreement ranged from 46.1% to 62.7% for JHU and 54.9% to 92.2% for CDC.,SSの基本一致率は、JHUで46.1%から62.7%、CDCで54.9%から92.2%の範囲に及んだ。
〜と比較して,compared to,attached with,divided by,Our study evaluates several laboratory-developed tests [   ] reference broth microdilution.,Our study evaluates several of the more common laboratory-developed tests compared to reference broth microdilution and found that broth disk elution was the most accurate...,本研究では、基準となる微量液体希釈法と比較して、より一般的な幾つかの自家検査法を評価し、ブロスディスク溶出法が最も正確であることを突き止めた。
〜を考慮して・〜に照らして,in light of,in spite of,in front of,Revisions to the detection method were discussed [   ] increasing co-production of carbapenemases.,Revisions to the EDTA-modified carbapenem inactivation method (eCIM) are discussed in light of increasing co-production of metallo-beta-lactamase and serine-carbapenemases.,メタロ-β-ラクタマーゼとセリン-カルバペネマゼの重複産生の増加に照らして、EDTA変性カルバペネム不活性化法（eCIM）の改訂について議論されている。
〜の役割を浮き彫りにする・強調する,highlights the role of,diminishes the need for,hides the function of,Reintegration of diagnostic testing into clinical workflows [   ] the laboratory as a critical component.,Reintegration of carbapenemase testing into clinical workflows highlights the role of the clinical microbiology laboratory as a critical component of antimicrobial stewardship.,臨床ワークフローへのカルバペネマゼ試験の再統合は、抗菌薬適正使用支援（スチュワードシップ）の重要な構成要素としての臨床微生物検査室の役割を強調している。
最も懸念される,of greatest concern,of minor importance,of no consequence,"Among these resistant organisms, carbapenemase-producing strains are [   ].","Among these, carbapenemase-producing (CP) strains are of greatest concern, as they hydrolyze most β-lactams, and carbapenemase genes are readily spread via mobile genetic elements.",これらの中で、カルバペネム産生（CP）株はほとんどのβ-ラクタム剤を加水分解するため、最も懸念されている。
現在利用可能な,currently available,formerly neglected,potentially avoided,"Infections caused by these pathogens are hard to treat, with few effective agents [   ].","Infections caused by these pathogens are often hard to treat, with few effective agents currently available.",これらの病原体による感染症は治療が困難であることが多く、現在利用可能な有効な薬剤はほとんどない。
同様の〜を示した,demonstrated similar,predicted opposite,ignored equal,Both algorithms [   ] sensitivities and specificities for carbapenemase detection.,The VITEK2 N436/AES and CA-SFM algorithm demonstrated similar sensitivities (93.8% vs 97.2%) and specificities (53.5% vs 49.5%) for CPE detection.,VITEK2 N436/AESおよびCA-SFMアルゴリズムは、CPE検出において同様の感度（93.8%対97.2%）および特異度（53.5%対49.5%）を示した。
重要な〜に対処する・埋める,addressing an important,worsening a critical,creating a severe,"Implementation of this rule improves detection, [   ] diagnostic gap.","The implementation of a dedicated rule significantly improves detection of difficult-to-identify OXA-244/OXA-484 producers, addressing an important diagnostic gap.",専用ルールの適用は、同定が困難なOXA-244/OXA-484産生菌の検出を大幅に改善し、重要な診断上の課題（ギャップ）を解決する。
〜（意思決定など）に情報を提供する・資する,to inform,to confuse,to delay,Differentiation of key resistance enzymes is essential [   ] therapeutic decisions.,"The 2025 CLSI M100 update now recommends carbapenemase testing for most Enterobacterales resistant to at least one carbapenem, emphasizing differentiation of key enzymes, such as KPC, NDM, and OXA-48-like, to inform therapeutic decisions and support antimicrobial stewardship.",2025年版CLSI M100改訂では、少なくとも1つのカルバペネムに耐性を示すほとんどの腸内細菌目細菌に対してカルバペネマゼ試験を推奨しており、治療決定に資するとともに抗菌薬スチュワードシップを支援するために、KPC、NDM、OXA-48類似などの主要な酵素の鑑別を強調している。
このような状況において・文脈において,In this context,On the contrary,By contrast,"[   ], laboratory-developed methods play a critical role in guiding targeted therapy.","In this context, laboratory-developed methods, such as combination testing of aztreonam and ceftazidime-avibactam, play a critical role in guiding therapy.",このような状況において、アズトレオナムとセフタジジム-アビバクタムの併用試験などの自家検査法は、治療決定を導く上で重要な役割を果たしている。
依然として困難である,remains challenging,is easily solved,becomes simplified,Detection of GES-type carbapenemases [   ] because of their low prevalence.,Detection of GES-type carbapenemases remains challenging because of their low prevalence and frequently weak hydrolytic activity against carbapenems.,GES型カルバペネマーゼの検出は、その流行率の低さとカルバペネムに対する加水分解活性がしばしば弱いことから、依然として困難である。
〜を必要とする,requires,prevents,eliminates,The increasing prevalence of carbapenemase-producing Enterobacterales [   ] reliable diagnostic tools.,The increasing prevalence of carbapenemase-producing Enterobacterales (CPE) requires reliable diagnostic tools.,カルバペネマーゼ産生腸内細菌目細菌（CPE）の流行拡大には、信頼性の高い診断ツールが必要とされている。
〜にとって不可欠である,is essential for,is harmful to,is irrelevant to,Rapid and reliable detection of CPE [   ] infection control and epidemiological surveillance.,"Rapid and reliable detection of carbapenemase-producing Enterobacterales (CPE) is essential for infection control, epidemiological surveillance, and optimized antimicrobial therapy.",カルバペネマーゼ産生腸内細菌目細菌（CPE）の迅速かつ信頼性の高い検出は、感染対策、疫学調査、および最適な抗菌薬療法にとって不可欠である。
〜において重要な役割を果たす,play a critical role in,have no impact on,are negatively correlated with,Laboratory-developed methods [   ] guiding therapy when FDA-cleared tests are unavailable.,"In this context, laboratory-developed methods, such as combination testing of aztreonam and ceftazidime-avibactam, play a critical role in guiding therapy.",この文脈において、アズトレオナムとセフタジジム-アビバクタムの併用試験などの自家調製検査法は、治療方針の決定において重要な役割を果たしている。
〜するために必要とされている,are needed to,are forbidden to,are likely to,Diagnostic tools capable of predicting carbapenemase classes [   ] guide treatment decisions.,"As the prevalence and diversity of carbapenemases increase, diagnostic tools capable not only of detecting CPE but also predicting carbapenemase classes are increasingly needed to guide treatment decisions.",カルバペネマーゼの流行と多様性が増すにつれ、CPEを検出するだけでなくカルバペネマーゼのクラスを予測できる診断ツールが、治療決定の指針としてますます必要とされている。
〜の性能を評価した,evaluated the performance of,neglected the safety of,postponed the development of,"In this study, we [   ] CIM, mCIM, and CIM-Tris in a large collection of isolates.","In this study, we evaluated the performance of CIM, modified CIM (mCIM), and CIM-Tris in a large multicenter collection of well-characterized GES-producing clinical isolates...",本研究では、十分に特性解析されたGES産生臨床分離株の大型多施設コレクションにおいて、CIM、mCIM、およびCIM-Trisの性能を評価した。
体系的に評価されていない,has not been systematically evaluated,is already fully established,was proven to be unnecessary,"However, their performance in large collections of GES producers [   ].","however, their performance in large collections of GES producers has not been systematically evaluated.",しかしながら、GES産生菌の大型コレクションにおけるそれらの性能は体系的に評価されていない。
〜を示した,demonstrated,concealed,falsified,The algorithm [   ] similar sensitivities and specificities for CPE detection.,The VITEK2 N436/AES and CA-SFM algorithm demonstrated similar sensitivities (93.8% vs 97.2%) and specificities (53.5% vs 49.5%) for CPE detection.,VITEK2 N436/AESとCA-SFMアルゴリズムは、CPE検出において同等の感度（93.8% vs 97.2%）と特異度（53.5% vs 49.5%）を示した。
〜につながる可能性がある,may lead to,guarantees against,prevents from,Low hydrolytic activity complicates phenotypic detection and [   ] diagnostic failure.,"In Europe, the emergence of OXA-48-like variants such as OXA-244 and OXA-484, which exhibit low hydrolytic activity to carbapenems and temocillin, complicates routine phenotypic detection and may lead to diagnostic failure.",欧州において、カルバペネムやテモシリンに対して低い加水分解活性を示すOXA-244やOXA-484などのOXA-48類似変異株の出現は、日常的な表現型検出を複雑にし、診断の失敗につながる可能性がある。
〜を複雑にしている,complicates,simplifies,clarifies,The emergence of variants with low hydrolytic activity [   ] routine phenotypic detection.,"In Europe, the emergence of OXA-48-like variants such as OXA-244 and OXA-484, which exhibit low hydrolytic activity to carbapenems and temocillin, complicates routine phenotypic detection and may lead to diagnostic failure.",欧州において、カルバペネムやテモシリンに対して低い加水分解活性を示すOXA-244やOXA-484などのOXA-48類似変異株の出現は、日常的な表現型検出を複雑にしている。
〜への効率的なアプローチを提供する,provides an efficient approach for,creates a major obstacle to,shows a poor correlation with,The integrated solution [   ] CPE screening and classification.,"The integrated VITEK2 AES/BIOART solution provides an efficient approach for CPE screening and classification, particularly for NDM and KPC-producers.",統合されたVITEK2 AES/BIOARTソリューションは、特にNDMおよびKPC産生菌において、CPEスクリーニングと分類に効率的なアプローチを提供する。
〜に分類される,are classified as,are excluded from,are defined by,Carbapenem-resistant Enterobacterales [   ] an urgent public health threat.,Carbapenem-resistant Enterobacterales are classified as an urgent public health threat in the Centers for Disease Control and Prevention's 2019 Antibiotic Resistance Threats Report.,カルバペネム耐性腸内細菌目細菌は、米国疾病対策予防センター（CDC）の2019年薬剤耐性脅威レポートにおいて、緊急の公衆衛生上の脅威に分類されている。
〜のために更なる研究が必要である,further work is needed to,no additional effort is required to,previous studies failed to,"LDTs can be highly variable, and [   ] improve standardization.","LDTs for combination testing can be highly variable, and further work is needed to improve standardization and harmonization to achieve accurate and reliable results for clinical purposes.",併用試験のためのLDT（自家調製検査）はばらつきが大きくなる可能性があり、臨床目的で正確かつ信頼性の高い結果を得るためには、標準化と調和を改善するための更なる研究が必要である。
〜を対象に評価された,was assessed on,was ignored in,was replaced by,A dedicated rule [   ] a collection of 36 producers known to be difficult to detect.,"A dedicated OXA-244/484 rule was assessed on a collection of 36 OXA-244/484 producers, known to be difficult to detect.",検出が困難であることが知られている36株のOXA-244/484産生菌コレクションを対象に、専用のOXA-244/484ルールが評価された。
〜と比較して,compared to,regardless of,in contrast with,Our study evaluates several tests [   ] reference broth microdilution.,Our study evaluates several of the more common laboratory-developed tests compared to reference broth microdilution and found that broth disk elution was the most accurate...,本研究では、参照法である微量液体希釈法と比較して、いくつかの一般的な自家調製検査法を評価し、ブロスディスク溶出法が最も正確であることを示した。
重大な脅威をもたらす,pose a major threat to,pose a subtle challenge to,cause a minor issue for,Carbapenem-resistant organisms [   ] global health due to limited therapeutic options.,Carbapenem-resistant organisms (CROs) pose a major threat to global health due to limited therapeutic options and their capacity for rapid dissemination.,カルバペネム耐性菌（CRO）は、治療選択肢が限られており急速に拡散する能力を持つため、世界的な健康に対する重大な脅威となっている。
最も大きな懸念事項である,are of greatest concern,are of least interest,have no significant impact,"Among these strains, carbapenemase-producing isolates [   ] due to their ability to hydrolyze most β-lactams.","Among these, carbapenemase-producing (CP) strains are of greatest concern, as they hydrolyze most β-lactams, and carbapenemase genes are readily spread via mobile genetic elements.",これらの中で、カルバペネマーゼ産生（CP）株はほとんどのβ-ラクタム剤を加水分解し、その遺伝子が可動性遺伝要素を介して容易に拡散するため、最も懸念されている。
治療決定の判断材料となる,inform therapeutic decisions,restrict clinical choices,complicate treatment outcomes,Rapid diagnostic assays provide critical data to [   ] and support antimicrobial stewardship.,"The 2025 CLSI M100 update now recommends carbapenemase testing for most Enterobacterales resistant to at least one carbapenem, emphasizing differentiation of key enzymes, such as KPC, NDM, and OXA-48-like, to inform therapeutic decisions and support antimicrobial stewardship.",2025年版CLSI M100改訂では、治療決定の判断材料とし抗菌薬適正使用を支援するため、KPC、NDM、OXA-48様などの主要酵素の鑑別を強調し、少なくとも1つのカルバペネムに耐性を示すほとんどの腸内細菌目細菌に対するカルバペネマーゼ検査を推奨している。
〜を踏まえて / 〜を考慮して,in light of,in spite of,regardless of,Revisions to the detection protocols were discussed [   ] increasing co-production of multiple resistance enzymes.,Revisions to the EDTA-modified carbapenem inactivation method (eCIM) are discussed in light of increasing co-production of metallo-beta-lactamase and serine-carbapenemases.,メタロ-β-ラクタマーゼとセリン-カルバペネマーゼの重複産生の増加を踏まえ、EDTA修飾カルバペネム不活性化法（eCIM）の改訂について議論されている。
〜の役割を強調する・浮き彫りにする,highlights the role of,minimizes the impact of,overlooks the necessity of,Reintegration of carbapenemase testing into clinical workflows [   ] the clinical microbiology laboratory as a critical component of antimicrobial stewardship.,Reintegration of carbapenemase testing into clinical workflows highlights the role of the clinical microbiology laboratory as a critical component of antimicrobial stewardship.,日常検査フローへのカルバペネマーゼ検査の再統合は、抗菌薬適正使用支援の重要な構成要素としての臨床微生物検査室の役割を際立たせている。
〜の極めて重要な構成要素,a critical component of,a minor aspect of,an unnecessary detail of,The clinical microbiology laboratory acts as [   ] antimicrobial stewardship.,Reintegration of carbapenemase testing into clinical workflows highlights the role of the clinical microbiology laboratory as a critical component of antimicrobial stewardship.,日常検査フローへのカルバペネマーゼ検査の再統合は、抗菌薬適正使用支援の重要な構成要素としての臨床微生物検査室の役割を際立たせている。
〜を確実にするために不可欠である,is vital to ensure,is optional to promote,is ineffective to guarantee,Rapid detection of CPE [   ] timely administration of antimicrobial therapy to infected patients.,"Rapid detection of CPE is vital to ensure timely administration of antimicrobial therapy to infected patients, as well as the implementation of infection control measures to prevent outbreaks in healthcare settings.",CPEの迅速な検出は、感染患者への適切な抗菌薬治療の適時投与を確実にし、医療機関におけるアウトブレイクを防ぐための感染対策を実施するために極めて重要である。
〜の適時投与・迅速な投与,timely administration of,delayed usage of,intermittent supply of,Rapid detection of CPE is vital to ensure [   ] antimicrobial therapy to infected patients.,"Rapid detection of CPE is vital to ensure timely administration of antimicrobial therapy to infected patients, as well as the implementation of infection control measures to prevent outbreaks in healthcare settings.",CPEの迅速な検出は、感染患者への適切な抗菌薬治療の適時投与を確実にし、医療機関におけるアウトブレイクを防ぐための感染対策を実施するために極めて重要である。
〜において極めて重要な役割を果たす,plays a crucial role in,has a minor effect on,takes an ambiguous stance on,Identification of the enzyme classes responsible for carbapenem resistance [   ] ensuring that patients receive effective treatments.,Identification of the enzyme classes responsible for carbapenem resistance plays a crucial role in ensuring that patients receive effective treatments and controlling the spread of these bacteria.,カルバペネム耐性を引き起こす酵素クラスの特定は、患者が有効な治療を受けられるようにし、これらの細菌の拡散を抑止するうえで極めて重要な役割を果たす。
〜の性能を評価する,evaluated the performance of,ignored the outcomes of,estimated the cost of,"In this study, we [   ] a new approach to identify carbapenemase enzymes without additional hands-on testing.","In this study, we evaluated the performance of a new approach to identify carbapenemase enzymes without additional hands-on testing.",本研究では、追加の手動検査なしでカルバペネマーゼ酵素を特定する新しいアプローチの性能を評価した。
〜での使用を目的に設計されている,is designed for use with,is incompatible for application to,is restricted from operating in,The method [   ] the VITEK2 automated susceptibility testing platform to recognize patterns of resistance to antibiotics.,The method is designed for use with the VITEK2 automated susceptibility testing platform to recognize patterns of resistance to antibiotics and make predictions about the possible resistance mechanisms.,この手法は、抗菌薬に対する耐性パターンを認識し、可能性のある耐性機構を予測するために、VITEK2自動薬剤感性試験プラットフォームでの使用を目的として設計されている。
限られた治療選択肢のために,due to limited therapeutic options,owing to abundant curative measures,despite variable clinical treatments,Carbapenem-resistant organisms pose a major threat to global health [   ] and their capacity for rapid dissemination.,Carbapenem-resistant organisms (CROs) pose a major threat to global health due to limited therapeutic options and their capacity for rapid dissemination.,カルバペネム耐性菌（CRO）は、治療選択肢が限られており急速に拡散する能力を持つため、世界的な健康に対する重大な脅威となっている。
急速に拡散する能力,capacity for rapid dissemination,potential for localized containment,tendency for slow progression,Carbapenem-resistant organisms pose a major threat due to limited therapeutic options and their [   ].,Carbapenem-resistant organisms (CROs) pose a major threat to global health due to limited therapeutic options and their capacity for rapid dissemination.,カルバペネム耐性菌（CRO）は、治療選択肢が限られており急速に拡散する能力を持つため、世界的な健康に対する重大な脅威となっている。
公衆衛生上の重大な懸念事項,a major public health concern,a negligible global topic,a temporary clinical debate,Carbapenem-resistant bacteria are [   ] due to their ability to spread in healthcare settings.,Carbapenem-resistant bacteria are a major public health concern due to their ability to spread in healthcare settings and cause infections that are difficult to treat with first-line antibiotics.,カルバペネム耐性菌は、医療現場で拡散し、第一選択の抗菌薬での治療が困難な感染症を引き起こす能力があるため、公衆衛生上の重大な懸念事項である。
〜にとって不可欠である・必要事項である,is a necessity for,is a hindrance to,is an exception to,Screening for carbapenemase-producing Enterobacterales [   ] hospitals serving high-risk patient populations.,Screening for carbapenemase-producing Enterobacterales is a necessity for hospitals serving high-risk patient populations.,カルバペネマーゼ産生腸内細菌目細菌のスクリーニングは、ハイリスク患者群を診療する病院にとって不可欠である。
〜に関する懸念が高まっている,There is increasing concern regarding,There is no evidence suggesting,There has been little interest in,[   ] the importance of antimicrobial resistance.,"INTRODUCTION There is increasing concern regarding the importance of Stenotrophomonas maltophilia as a nosocomial infection risk, given its inherent antibiotic resistance.",固有の抗菌薬耐性を考慮すると、院内感染リスクとしてのStenotrophomonas maltophiliaの重要性に関する懸念が高まっている。
〜と関連している,has been associated with,has been detached from,has been compensated for,Mechanical ventilation [   ] longer hospital stays in ICU patients.,"Recently, S. maltophilia pneumonia has been documented in patients with COVID-19 in the ICU and has been associated with longer hospital stays in this population ( 8 , 9 ).",最近、ICUのCOVID-19患者においてS. maltophilia肺炎が記録され、この患者群における入院期間の延長と関連付けられている。
〜の重要なリスク要因である,is an important risk factor for,is a major protective factor against,is an insignificant marker of,Prior colonization [   ] invasive disease by respiratory pathogens.,"Prior colonization is an important risk factor for invasive disease by many respiratory pathogens ( 10 ), but the prevalence of colonization of S. maltophilia in adults receiving mechanical ventilation in chronic care facilities has not been studied.",事前の菌定着は、多くの呼吸器病原体による侵襲性疾患の重要なリスク要因であるが、慢性介護施設で人工呼吸器管理を受けている成人におけるS. maltophilia定着の普及率については研究されていない。
我々の知る限り、これが最初の〜である,"To our knowledge, this is the first","As previously reported, this is the final","Contrary to prior studies, this is an ordinary",[   ] state-wide point prevalence survey of S. maltophilia.,"To our knowledge, this is the first state-wide point prevalence survey of S. maltophilia among patients receiving mechanical ventilation in long-term care facilities.",我々の知る限り、本研究は長期介護施設で人工呼吸器管理を受けている患者を対象とした、S. maltophiliaに関する州全域での初の点有病率調査である。
〜と一致している,is consistent with,is inconsistent with,is irrelevant to,This finding [   ] previous studies in which respiratory samples were the main source.,"This is consistent with other studies in which respiratory samples were the most common source of S. maltophilia colonization ( 15 , 16 ).",これは、呼吸器検体がS. maltophilia定着の最も一般的な供給源であった他の研究結果と一致している。
本研究には限界がある,This study has limitations,This study lacks methodology,This study proves hypotheses,[   ] that should be addressed in future research.,"This study has limitations. First, this point prevalence survey was limited to patients receiving mechanical ventilation in long-term care facilities and thus cannot be widely generalized to other patient populations or care settings.",本研究には限界がある。第一に、この点有病率調査は長期介護施設で人工呼吸器管理を受けている患者に限られており、そのため他の患者群やケア環境に広く一般化することはできない。
〜に対する脅威となる,represents a threat to,provides a solution for,exhibits an advantage over,The rise of antimicrobial resistance [   ] global health.,"INTRODUCTION The rise of antimicrobial resistance (AMR) represents a threat to global health, with an estimated 1.27 million deaths globally directly attributable to antimicrobial-resistant infections in 2019 ( 1 ).",薬剤耐性（AMR）の増大は世界的な健康に対する脅威となっており、2019年には世界で推計127万人の死亡が薬剤耐性感染症に直接起因している。
〜の必要性を強調している,underscores the need for,eliminates the requirement of,overlooks the significance of,This limitation [   ] more advanced diagnostic strategies.,"This limitation underscores the need for more advanced strategies, such as the use of additional mass spectral peaks and/or the application of ML techniques to enhance the detection of KPC-producing isolates.",この限界は、KPC産生株の検出能力を向上させるために、追加の質量スペクトルピークの使用や機械学習技術の応用など、より高度な戦略の必要性を強調している。
〜の有望な戦略として浮上した,emerged as a promising strategy for,failed as an obsolete method in,disappeared as an alternative to,Machine learning has [   ] AMR detection.,"In recent years, integration of machine learning (ML) algorithms with MALDI-TOF MS data has emerged as a promising strategy for AMR detection ( 7 ).",近年、機械学習（ML）アルゴリズムとMALDI-TOF MSデータの統合は、薬剤耐性（AMR）検出のための有望な戦略として浮上してきた。
〜のための強力なツールとして機能する,serves as a powerful tool for,acts as a major barrier to,functions as an obsolete method in,Whole-genome sequencing [   ] detecting genetic markers of resistance.,WGS also serves as a powerful tool for detecting and discovering genotypic markers of antifungal resistance.,WGSはまた、真菌耐性の遺伝子型マーカーを検出および発見するための強力なツールとしても機能する。
慎重な検討を要する,warrants careful consideration,deserves immediate rejection,requires minimal attention,Their potential to influence treatment response [   ] in high-risk contexts.,"Although the clinical significance of minority-resistant subpopulations varies by organism, host, and infection type, their existence is well established, and their potential to influence treatment response—particularly in high-risk contexts—warrants careful consideration.",低頻度耐性サブセグメントの臨床的意義は微生物、宿主、感染症の種類によって異なるものの、それらの存在は十分に確立されており、治療反応に影響を与える可能性（特に高リスクな状況において）は慎重な検討を要する。
〜の可能性を秘めている,holds potential to,fails entirely to,refuses in principle to,The development of such integrated strategies [   ] improve clinical workflows.,The development of such integrated strategies holds potential to improve clinical microbiology workflows by quickly and easily informing optimal therapeutic options and strengthening antimicrobial stewardship.,このような統合的戦略の開発は、最適な治療選択肢を迅速かつ容易に提供し、抗菌薬適正使用支援（スチュワードシップ）を強化することで、臨床微生物学のワークフローを改善する可能性を秘めている。
〜に重要な洞察を提供する,provides a critical insight into,conceals the key findings of,creates ambiguity surrounding,This study [   ] the prevalence of bacterial colonization.,"Despite these limitations, this state-wide point prevalence study provides a critical insight into the prevalence of S. maltophilia colonization in patients receiving mechanical ventilation in long-term care facilities.",これらの限界にもかかわらず、この州全域の点有病率調査は、長期介護施設で人工呼吸器管理を受けている患者におけるS. maltophilia定着の有病率に関する重要な洞察を提供している。
要約すると,In summary,On the contrary,By contrast,"[   ], patients receiving mechanical ventilation are at high risk of colonization.","In summary, patients in long-term care facilities who are receiving mechanical ventilation are at high risk of S. maltophilia colonization and potential infection.",要約すると、長期介護施設で人工呼吸器管理を受けている患者は、S. maltophiliaの定着および潜在的感染の高リスクに晒されている。
結論として,In conclusion,In contrast,For instance,"[   ], the construction of ensemble models leads to an increase in diagnostic accuracy.","In conclusion, this study showed that the construction of ensemble models with diverse strain collections leads to an increase in accuracy for MALDI-TOF MS-based detection of KPC-positive K. pneumoniae, representing a step toward the detection of resistance mechanisms by proteomic analysis.",結論として、本研究は多様な株コレクションを用いたアンサンブルモデルの構築が、MALDI-TOF MSに基づくKPC陽性K. pneumoniaeの検出精度向上につながることを示し、プロテオミクス解析による耐性機構の検出に向けた一歩となった。
〜に従って実施された,conducted in accordance with,conducted in spite of,conducted in contrast to,Quality control testing was [   ] CLSI-defined ranges for designated strains.,Quality control (QC) testing was conducted in accordance with CLSI-defined ranges for designated QC strains ( 8 ).,精度管理（QC）試験は、指定されたQC菌株に関するCLSI定義の範囲に従って実施された。
〜と比較して,compared to,resulted in,attributed to,"In this study, we conducted a performance evaluation [   ] the reference broth microdilution method.","In this study, we conducted a multicenter performance evaluation of the FDA-cleared and CE-marked ETEST AZA (bioMérieux; La Balme Les Grottes, France) compared to the reference broth microdilution method.",本研究では、基準となる微量液体稀釈法と比較して、FDA承認およびCEマーキングを取得したETEST AZAの多施設性能評価を実施した。
〜を補完することを目的としている,is intended to augment,is prone to diminish,is bound to contradict,The LIAISON PLEX BCN assay [   ] other clinical and laboratory findings for diagnosing bacterial bloodstream infections.,The LIAISON PLEX BCN assay is intended to augment other clinical and laboratory findings for diagnosing bacterial bloodstream infections.,LIAISON PLEX BCNアッセイは、細菌性血流感染症を診断するための他の臨床および検査所見を補完することを目的としている。
〜の相当なリスクを伴う,carries a substantial risk of,alleviates a minor possibility of,excludes a negligible rate of,Bloodstream infection with bacteria [   ] morbidity and mortality.,"Bloodstream infection (BSI) with bacteria carries a substantial risk of morbidity and mortality, and the ongoing emergence of antimicrobial resistance (AMR) genes within infective bacteria is concerning.",細菌による血流感染症（BSI）は罹患率および死亡率の相当なリスクを伴い、感染菌における薬剤耐性（AMR）遺伝子の持続的な出現が懸念されている。
〜にとって不可欠である,is essential for,is irrelevant to,is incompatible with,Rapid and accurate identification of the causative pathogen [   ] quickly initiating appropriate antimicrobial therapy.,Rapid and accurate identification of the causative pathogen(s) and their AMR genes in BSI is essential for quickly initiating the most appropriate antimicrobial therapy.,BSIにおける原因病原体およびそのAMR遺伝子の迅速かつ正確な同定は、最も適切な抗菌薬療法を速やかに開始するために不可欠である。
〜の存在下で,in the presence of,in the absence of,at the expense of,"Aztreonam, a monobactam, is stable [   ] MBLs; however, it is vulnerable to hydrolysis by other enzymes.","Aztreonam, a monobactam, is stable in the presence of MBLs; however, it is vulnerable to hydrolysis by Ambler class A and C beta-lactamases, which are often concomitantly produced along with MBLs ( 4 , 5 ).",モノバクタム系薬であるアズトレオナムはMBLの存在下でも安定しているが、MBLと共存することが多いAmblerクラスAおよびCのβ-ラクタマーゼによる加水分解を受けやすい。
〜において役割を果たす,play a role in,pose a threat to,cast a doubt on,This novel diagnostic test may [   ] susceptibility testing for these resistant organisms.,"Our study shows that the mCIM is also able to detect carbapenem resistance due to cphA in Aeromonas spp. with high sensitivity and specificity, suggesting that although it is not currently endorsed for use in Aeromonas spp. by CLSI, this test may play a role in susceptibility testing for these organisms.",本研究は、mCIMがAeromonas属菌におけるcphAに起因するカルバペネム耐性を高い感度と特異度で検出できることを示しており、現在CLSIによってAeromonas属菌への使用が承認されていないものの、この検査がこれらの菌の薬剤感受性試験において役割を果たす可能性を示唆している。
〜の必要性を高めている,driven the need for,diminished the demand for,replaced the scope of,The increasing incidence of resistant pathogens has [   ] novel antimicrobial combinations.,The increasing incidence of MBL-producing Enterobacterales has driven the need for novel antimicrobial combinations and corresponding susceptibility testing methods.,MBL産生腸内細菌目細菌の発生率増加により、新規抗菌薬併用療法およびそれに対応する感受性試験法の必要性が高まっている。
〜に沿って（準拠して）,in alignment with,in defiance of,regardless of,These rules support a more targeted antibiotic therapy [   ] recent recommendations.,"These rules aim to improve the interpretability of AST reports and support a more targeted antibiotic therapy in alignment with recent recommendations, with the goals to optimize the use of antibiotics, limit the emergence of resistance, and maintain patient safety ( 5 , 7 , 14 ).",これらのルールは、抗菌薬感受性試験（AST）報告の解釈可能性を向上させ、最新の勧告に沿った、より標的を絞った抗菌薬療法を支援することを目指している。
〜とは対照的に,In contrast to,In addition to,In compliance with,"[   ] our findings of suboptimal performance, previous studies reported high accuracy for other species.","In contrast to our findings of suboptimal EA performance for K. oxytoca, Lemon et al. reported suboptimal performance of the Liofilchem for other species, including CA below 90% for E. coli (80.0%) and EA below 90% for the E. cloacae complex (83.3%).",K. oxytocaにおけるEA性能の不十分さを示した我々の知見とは対照的に、LemonらはE. coliに対する90%未満のCAやE. cloacaeコンプレックスに対する90%未満のEAを含む他の菌種でLiofilchemの性能が不十分であることを報告した。
〜に対して高い感度を示した,showed high sensitivity for,lacked consistent accuracy in,showed poor reproducibility in,The first-line screening card [   ] detecting carbapenemase production.,"The first line VITEK2 N436 card showed high sensitivity for detecting carbapenemase production, comparable to that of the CA-SFM algorithm (93.8% vs 97.2%).",一次スクリーニング用のVITEK2 N436カードは、CA-SFMアルゴリズムと同等の、カルバペネマーゼ産生検出に対する高い感度を示した。
〜の信頼できる代替試験として機能する,serve as a reliable surrogate,act as a detrimental obstacle,function as an invalid control,This suggests that testing ATM-CZA can [   ] test for AZA MICs.,This suggests that testing ATM-CZA can serve as a reliable surrogate test for AZA MICs.,これは、ATM-CZAの試験がAZAのMICに対する信頼できる代替試験として機能し得ることを示唆している。
〜という目標を掲げて,with the goals to,at the risk of,in spite of,The guidelines were implemented [   ] optimize the use of antibiotics and maintain patient safety.,"These rules aim to improve the interpretability of AST reports and support a more targeted antibiotic therapy in alignment with recent recommendations, with the goals to optimize the use of antibiotics, limit the emergence of resistance, and maintain patient safety ( 5 , 7 , 14 ).",これらのルールは、抗菌薬の使用を最適化し、耐性の出現を制限し、患者の安全を維持するという目標を掲げて、最新の勧告に沿った、より標的を絞った抗菌薬療法を支援することを目指している。
〜に対して誤った安心感（過信）を与える,give a false confidence in,provide an accurate assessment of,instill a heightened caution toward,Failure to detect resistance mechanisms can [   ] the effectiveness of treatment.,Failure to detect carbapenem resistance mediated by a cphA-type MBL by routine phenotypic methods can give a provider false confidence in the effectiveness of carbapenem treatment for Aeromonas spp. infections ( 16 ).,通常の表現型検査法でcphA型MBLが媒介するカルバペネム耐性を検出できないと、医療提供者にAeromonas属菌感染症に対するカルバペネム治療の有効性について誤った安心感を与える可能性がある。
〜の監督の下で（実施された）,under the oversight of,without the knowledge of,under the influence of,This clinical study was conducted [   ] the Institutional Review Boards of all participating sites.,This study was conducted under the oversight of the Institutional Review Boards of all participating sites and conformed to the tenets of the Declaration of Helsinki and the Health Insurance Portability and Accountability Act (HIPAA) of 1996.,本研究は、すべての参加施設の機関審査委員会（IRB）の監督の下で実施され、ヘルシンキ宣言の原則に準拠した。
〜の性能を評価した,evaluated the performance of,calculated the frequency of,ignored the presence of,This study [   ] the new diagnostic software in clinical settings.,"This study evaluated the performance of the VITEK2 Advanced Expert System, a software interpretation program combined with VITEK2 AST results, for CPE detection, and the ability of BIOART expert rules to identify carbapenemase types.",本研究では、CPE検出におけるVITEK2 AST結果と組み合わせたソフトウェア解析プログラムであるVITEK2 Advanced Expert Systemの性能、およびカルバペネマーゼ型を特定するBIOARTエキスパートルールのアビリティを評価した。
〜に不可欠である,is essential for,is immune to,is incompatible with,Early detection of pathogens [   ] effective infection control.,"Rapid and reliable detection of carbapenemase-producing Enterobacterales (CPE) is essential for infection control, epidemiological surveillance, and optimized antimicrobial therapy.",カルバペネマーゼ産生腸内細菌目（CPE）の迅速かつ確実な検出は、感染対策、疫学サーベイランス、および最適化された抗菌薬治療にとって不可欠である。
〜につながる可能性がある,may lead to,is exempt from,is composed of,Low sensitivity of phenotypic tests [   ] diagnostic failure in routine practice.,"In Europe, the emergence of OXA-48-like variants such as OXA-244 and OXA-484, which exhibit low hydrolytic activity to carbapenems and temocillin, complicates routine phenotypic detection and may lead to diagnostic failure.",欧州において、カルバペネム系およびテモシリンに対する水解活性が低いOXA-244やOXA-484などのOXA-48様変異株の出現は、通常の表現型検出を複雑にし、診断の失敗につながる可能性がある。
重要な（診断上の）課題に対処する,addressing an important gap,establishing a new baseline,increasing the clinical cost,"The implementation of a dedicated rule improves diagnostic accuracy, [   ] in current clinical practice.","The implementation of a dedicated rule significantly improves detection of difficult-to-identify OXA-244/OXA-484 producers, addressing an important diagnostic gap.",専用ルールの導入により、同定が困難なOXA-244/OXA-484産生菌の検出が大幅に向上し、重要な診断上の課題が解決される。
〜を導く上で重要である,is critical for guiding,is irrelevant for modifying,is prohibited for delaying,Accurate susceptibility testing [   ] targeted antifungal therapy.,Accurate antifungal susceptibility testing is critical for guiding antifungal therapy and informing infection prevention and antifungal stewardship strategies...,正確な抗真菌薬感受性試験は、抗真菌薬治療の指南や、感染予防および抗真菌薬適正使用（スチュワードシップ）戦略の策定において重要である。
〜の治療に適応がある,is indicated for the treatment of,is derived from the synthesis of,is restricted to the prevention of,The novel agent [   ] multidrug-resistant bacterial infections.,It is indicated for the treatment of multidrug-resistant Gram-negative bacteria that produce multiple classes of β-lactamases.,本剤は、複数クラスのβ-ラクタマーゼを産生する多剤耐性グラム陰性菌による感染症の治療に適応がある。
〜に依存していた / 〜を頼りにしていた,relied on,resulted in,converted to,"Until recently, antimicrobial susceptibility testing for this combined agent [   ] manual methods.","Until recently, antimicrobial susceptibility testing for this combined agent relied on broth disk elution or microdilution using ceftazidime-avibactam and aztreonam combined.",最近まで、この配合剤の抗菌薬感受性試験は、セフタジジム-アビバクタムとアズトレオナムを組み合わせた微小液体希釈法やディスク溶出法に頼っていた。
最も一般的に行われている〜の一つ,one of the most commonly performed,the least frequently observed,a rare but significant,Gram staining is [   ] tests in the clinical microbiology laboratory.,Gram staining is one of the most commonly performed tests in the clinical microbiology laboratory.,グラム染色検査は、臨床微生物検査室で最も一般的に行われている検査の1つである。
〜（の普及・普遍性）にもかかわらず,Despite its ubiquity,In terms of its brevity,Owing to its complexity,"[   ], Gram staining is time-intensive and operator-dependent.","Despite its ubiquity, Gram staining is time-intensive, operator-dependent, and demands a rapid turnaround time.",どこでも広く行われているにもかかわらず、グラム染色は時間がかかり、操作者に依存し、迅速な結果返却が求められる。
〜の絶好の（理想的な）対象である,is an ideal target for,is a major obstacle to,is a rare exception to,"As such, this labor-intensive process [   ] automation.","As such, it is an ideal target for automation.",そのため、これは自動化の理想的な対象である。
本稿では〜の開発について提示する,"Here, we present the development of","Formerly, we observed the decline of","Finally, we deny the existence of","[   ] digital holographic microscopy, an optical system for rapid imaging.","Here, we present the development of digital holographic microscopy, an optical system that scans slides using a multispectral coherent light instead of traditional lenses.",本稿では、従来のレンズの代わりに多波長コヒーレント光を用いてスライドをスキャンする光学システムである、デジタルホログラフィック顕微鏡の開発について提示する。
〜の収集を可能にする,allows for the collection of,refrains from the storage of,prevents the transmission of,This system [   ] image data from a large portion of a slide.,This allows for the collection of all image data from a large portion (50%) of a slide.,これにより、スライドの大部分（50%）からすべての画像データを収集することが可能になる。
質的に〜と同等である,qualitatively equivalent to,inherently superior to,mutually exclusive with,Images collected by this method are [   ] those collected with conventional optical microscopy.,We additionally demonstrate that images collected by this method are qualitatively equivalent to those collected with optical microscopy...,さらに、この方法で収集された画像は、従来の光学顕微鏡で収集された画像と質的に同等であることを実証する。
〜への過去の接触／経験がない,no previous exposure to,no serious objection to,no clinical relevance to,The system can be interpreted by individuals with [   ] automated microscopy.,...and can be interpreted by individuals with no previous exposure to automated microscopy.,…そして、自動化顕微鏡に触れた経験がない人でも画像を解釈することができる。
〜に利益（便益）をもたらす,provide benefit to,impose burden on,shed light on,This technology may [   ] clinical microbiology laboratories by increasing efficiency.,This technology may therefore provide benefit to clinical microbiology laboratories by increasing efficiency of the Gram staining process.,したがって、この技術はグラム染色プロセスの効率を高めることで、臨床微生物検査室に利益をもたらす可能性がある。
〜する可能性を秘めている,have the potential to,have the obligation to,have the priority to,Influenza viruses and coronaviruses [   ] evolve into pandemic strains.,"Among these, influenza viruses and coronaviruses have the potential to evolve into pandemic strains, with the most recent examples being SARS-CoV-2 in 2019 and the swine flu (H1N1pdm) in 2009.",これらの中で、インフルエンザウイルスやコロナウイルスはパンデミック株へ進化する可能性を秘めており、最も最近の例としては2019年のSARS-CoV-2や2009年の豚インフルエンザ（H1N1pdm）が挙げられる。
〜と関連している,is associated with,is derived from,is restricted to,Rapid turnaround times enable faster initiation of proper treatment and [   ] a shorter length of stay.,"Rapid turnaround times enable faster initiation of proper treatment, reduce unnecessary patient isolation, and are associated with a shorter length of stay at the emergency department (ED).",迅速な結果判明時間は、適切な治療のより早い開始を可能にし、不要な患者隔離を減らし、救急外来での滞在時間の短縮に関連している。
本研究の目的は〜することであった,The objective of this study was to,The byproduct of this study was to,The prerequisite of this study was to,[   ] examine whether the new tetraplex assay could replace the predecessor triplex assays.,"The objective of this study was thus to examine whether the new tetraplex Cobas Liat SARS-CoV-2, influenza A/B, and RSV assay could replace the predecessor triplex assays by streamlining the diagnostic workflow without decreasing diagnostic accuracy.",したがって、本研究の目的は、新しい4重Cobas Liat SARS-CoV-2、インフルエンザA/B、RSVアッセイが、診断精度を低下させることなく診断ワークフローを効率化することにより、従来の3重アッセイに取って代わることができるかどうかを検証することであった。
〜は大きな課題となっている,represent a significant challenge,provide a temporary solution,display an inherent advantage,Hospital-acquired infections [   ] for healthcare worldwide.,"Hospital-acquired infections represent a significant challenge for healthcare worldwide, particularly affecting vulnerable populations such as the elderly, neonates, and immunocompromised patients.",院内感染は世界中の医療にとって大きな課題となっており、特に高齢者、新生児、免疫不全患者などの脆弱な集団に影響を及ぼしている。
〜の金標準（標準的基準）とみなされている,is considered the gold standard for,is regarded as a minor alternative for,is defined as an optional tool for,Illumina short-read sequencing [   ] outbreak investigation.,Illumina short-read (SR) sequencing is considered the gold standard for outbreak investigation.,Illuminaのショートリード（SR）シーケンスは、アウトブレイク調査の金標準とみなされている。
〜としての重要性を考慮すると,Given its significance as,In spite of its failure as,Regardless of its origin as,"[   ] a hospital-acquired pathogen, it is essential to understand its transmission dynamics.","Given its significance as a hospital-acquired pathogen, it is essential to understand the transmission dynamics of P. aeruginosa to effectively manage and control outbreaks.",院内感染病原体としての重要性を考慮すると、アウトブレイクを効果的に管理および制御するには、緑膿菌の伝播ダイナミクスを理解することが不可欠である。
〜によってさらに重く増す／一層悪化する,is compounded by,is alleviated by,is substituted by,The burden of disease [   ] the rise in antimicrobial-resistant strains.,"The burden of Shigella is compounded by the rise in antimicrobial-resistant strains, which poses a challenge to current treatment strategies.",赤痢菌の負担は薬剤耐性株の増加によってさらに重くなっており、これが現在の治療戦略に対する課題となっている。
〜において有望であることを示している,have shown promise in,have declared bankruptcy in,have faced resistance in,Diagnostic techniques [   ] detecting respiratory viruses quickly.,"Techniques, such as DETECTR and SHERLOCK, developed using Cas12a and Cas13a, have shown promise in detecting viruses like HPV, ZIKV, and DENV.",Cas12aやCas13aを用いて開発されたDETECTRやSHERLOCKなどの技術は、HPV、ZIKV、DENVなどのウイルス検出において有望であることを示している。
〜に大幅に届かない（及ばない）と予想される,is projected to fall well short of,is destined to dramatically exceed,is guaranteed to align with,The achieved decline in incidence [   ] the target reduction.,"The achieved decline in incidence is projected to fall well short of the World Health Organization (WHO)’s target of a 50% reduction by 2025, presently reaching only an 8.3% reduction compared to 2015.",達成された罹患率の低下は、2025年までに50%削減するという世界保健機関（WHO）の目標には大幅に届かないと予想されており、現在は2015年と比較して8.3%の削減にとどまっている。
〜を可能にする潜在力を有している,hold the potential for,exert the pressure for,lack the capacity for,Portable sequencing platforms [   ] enabling genomics-informed diagnosis in resource-limited settings.,"Concurrent with the advent of affordable and portable sequencing platforms, these tools hold the potential for enabling genomics-informed Mtb diagnosis in resource-limited settings, where tuberculosis burden is often highest.",手頃な価格で持ち運び可能なシーケンスプラットフォームの登場に伴い、これらのツールは、結核の負担が最も高いことが多い資源の乏しい地域において、ゲノム情報に基づく結核診断を可能にする潜在力を有している。
〜の重要性を強調している,underscore the importance of,downplay the significance of,confuse the relevance of,"Taken together, these key points [   ] diagnostic stewardship in clinical settings.","Taken together, these key points underscore the importance of diagnostic stewardship to ensure that RPP testing is applied selectively to patients for whom it is most beneficial.",総合すると、これらの重要なポイントは、RPP検査が最も有益となる患者に選択的に適用されることを確実にするための、診断スチュワードシップの重要性を強調している。
〜に対応して／〜を受けて,In response to,In place of,In contrast to,"[   ] year-over-year increase in test utilization, a new protocol was implemented.","In response to year-over-year increase in RPP utilization, a CDS tool was integrated into the EHR to provide clinicians with evidence-based recommendations regarding RPP test ordering.",RPP利用の年々の増加を受けて、CDSツールがEHRに統合され、臨床医にRPP検査注文に関するエビデンスに基づく推奨事項を提供するようになった。
〜と一致している,is in line with,is at odds with,is independent of,This finding [   ] previous studies reporting high categorical agreement.,"This is in line with the studies of Ferreira et al. and Cunningham et al., which reported overall categorical agreements of 85.4% and 92.4%, respectively.",これは、それぞれ85.4%および92.4%の全般的カテゴリー一致率を報告したFerreiraらの研究およびCunninghamらの研究と一致している。
〜と矛盾しない／一致している,are consistent with,are incompatible with,are unconcerned with,These results confirm the robustness of signal generation and [   ] qualitative readouts.,These results confirm the robustness of Cas12a-mediated signal generation and are consistent with qualitative fluorescence and lateral-flow readouts.,これらの結果はCas12aを介した信号生成の堅牢性を確認するものであり、定性的な蛍光およびイムノクロマト試薬の読み取り結果と一致している。
〜の価値を強調している,highlight the value of,diminish the benefit of,obscure the necessity of,"Overall, these findings [   ] targeted interventions in clinical practice.","Overall, these findings highlight the value of targeted CDS interventions in promoting evidence-based diagnostic practice and improving patient care.",全体として、これらの知見は、エビデンスに基づく診断実践を促進し患者ケアを改善するうえでの、標的をしぼったCDS介入の価値を強調している。
